[{
  "_id": {
    "$oid": "63480705f11de91b992f9a14"
  },
  "nom": "Les cours du pétrole poursuivent leur repli",
  "type": "news",
  "contenu": "<p>Les cours pétroliers baissent, toujours minés par les perspectives de récession ainsi que</p><p>par les coupes de production annoncées par ‘Organisation des Pays Exportateurs de</p><p>Pétrole (OPEP) et ses alliés.</p><p><br></p><p>Le baril de Brent s‘échange ce jeudi matin autour des 92 dollars alors que la référence</p><p>américaine, le West Intermediate Texas (WTI), est tombée a prés de 87 dollars les 159</p><p>litres. Les marchés restent également tendus dans l'attente de l'annonce des chiffres sur</p><p>linflation aux Etats-Unis.</p><p><br></p><p>Le enforcement constant du dollar a des sommets de plus de 20 ans ainsi que les</p><p>déclarations continues de la banque centrale américaine, la Réserve fédérale (Fed), pour</p><p>maintenir une approche agressive des hausses des taux nourrissent davantage un</p><p>contexte extrémement négatif pour la demande de pétrole brut.</p><p><br></p><p>Les entours du marché pétrolier ont été une fois de plus minés la semaine derniére avec</p><p>la réduction de 2 millions de barils par jour de la production dor noir. LOPER. dirigée par</p><p>'Arabie saoudite, et ses alliés, dirigés par la Russie, ont décidé de resserrer les vannes</p><p>pétroligres, malgré les appels contraires de Washington.</p><p><br></p><p>Par ailleurs, la secrétaire américaine au Trésor, Janet Yellen, a indiqué que le</p><p>plafonnement du prix des exportations de pétrole russe @ 60 dollars le baril serait</p><p>probablement suffisant pour limer les revenus énergétiques de Moscou.</p>",
  "themeNews": "news",
  "image": "",
  "auteur": "62dae5e910ab560725a15fbf",
  "date": "2022-10-13T13:39:33Z",
  "_class": "com.example.demo.model.Article"
},{
  "_id": {
    "$oid": "634819d456621275346b23e9"
  },
  "nom": "Why is everyone talking about Inflation?",
  "type": "news",
  "contenu": "<p>Are you one of those people who like to get up in the morning, make coffee and read the daily news? Well if you are, you are most likely going to be reading and hearing a lot about inflation, it has been the number one story for years.</p><p><br></p><p><strong>So, what is inflation and why is it so important?</strong></p><p><br></p><p><u>Inflation is referring to the increase in the price of goods and services</u>. For example, if the price of bread is $1 and then the price increases to $1.05, the inflation rate is 5%. I am sure at some point when you were a child your grandparents told you ”when I was little I used to buy a loaf of bread for only 25cents”. This is because of&nbsp;<strong>inflation</strong>.</p><p><br></p><p>So why has&nbsp;<strong>inflation</strong>&nbsp;been put in the spotlight? Everyone is talking about it including journalists, bankers, government officials and the general public. Well, if we look at recent figures, inflation has mainly remained&nbsp;<u>between 0% and 3%</u>, nothing too extreme. However, the current inflation rate is&nbsp;<u>8.5% in the US</u>. Now this is something which consumers may be concerned about.</p><p><br></p><p><strong>Is high inflation so bad?</strong></p><p><br></p><p>Well, most economists believe&nbsp;<u>high inflation can plunge the economy into recession</u>. This is mainly due to wages not being able to keep up with the rising prices, borrowing becomes more expensive and the economy overheats itself. It is for this reason that&nbsp;<strong>central banks</strong>&nbsp;are concerned and look to tackle the problem by increasing&nbsp;<strong>interest rates.</strong></p><p><br></p><p>Let’s look at an example. A family of four with two working parents have a mortgage and tend to take a holiday abroad each year. But this year the cost of the holiday has increased and their monthly mortgage payment has also increased. Meaning they are $200 down each month and the holiday is 10% more expensive. Are they likely to choose to go on holiday? Most probably not, and you can see here how lower economic activity may start a recession.</p><p><br></p><p>So we can see why consumers and the general public are concerned. Yet what does high inflation mean for us traders? As mentioned above when the level of inflation is high, the&nbsp;<strong>central bank</strong>&nbsp;will most likely increase&nbsp;<strong>interest rates</strong>. This action is known to positively affect the value of the currency but simultaneously may pressure the&nbsp;<strong>stock market</strong>.</p><p><br></p><p>The central bank would normally opt to increase interest rates as this would result in increased borrowing costs. As a result your mortgage, loans and credit cards will cost more. This is likely to result in you being less willing to spend. This will result in a lower demand which may lower inflation as sellers look to attract more consumers.</p><p><br></p><p><strong>Why does the currency increase in value with high inflation?</strong></p><p><br></p><p>When the economy is witnessing high inflation it may be an indication of positive economic conditions as investors continue to buy and demand remains high. This can potentially&nbsp;<u>increase the demand for the currency and foreign investment</u>. However, high inflation tends to be paired with high&nbsp;<strong>interest rates</strong>. Higher interest rates result in investors receiving a&nbsp;<strong>higher return</strong>. Again this can increase the demand for the corresponding national currency.</p><p><br></p><p><strong>Stagnation and Deflation</strong></p><p><br></p><p>There are also two further price conditions which can be witnessed;&nbsp;<strong>deflation</strong>&nbsp;and&nbsp;<strong>stagnation</strong>. Stagnation is when prices are not seeing major fluctuations and more or less have remained unchanged. Deflation on the other hand is when the economy actually witnesses prices declining.</p><p><br></p><p>Deflation may sound like a good idea and I understand your thinking, cheaper is better. However, deflation can again result in recessions as it&nbsp;<u>reduces economic activity</u>, investors and consumers are less willing to buy.</p><p><br></p><p>So high inflation is bad, deflation is also bad, then what should we be looking for? Most economists agree that ideally countries should be aiming for a&nbsp;<strong>1.5% to 2.5% inflation</strong>. This way the economy is not under the threat of an overheated economy nor risks seeing lower investments due to deflation.</p><p><br></p><p><img src=\"https://i.imgur.com/1FCwIeC.jpg\"></p><p><br></p><p>Hopefully now you can see the importance of inflation and how vital it can be for the economy. It is a big talking point and we can see why so many are concerned as well as finding ways to tackle the issue. The question now remains whether the inflation rate will stabilize and how this will affect tradable assets?</p>",
  "themeNews": "information_financiere",
  "image": "",
  "auteur": "62dae5e910ab560725a15fbf",
  "date": "2022-10-13T14:59:48Z",
  "_class": "com.example.demo.model.Article"
},{
  "_id": {
    "$oid": "634d3c2e800b363d28dc5e2f"
  },
  "nom": "CAC 40 : La Bourse de Paris démarre la semaine en hausse, mais la prudence est requise",
  "type": "news",
  "contenu": "<p>Investing.com – Le&nbsp;<a href=\"https://fr.investing.com/indices/france-40\" rel=\"noopener noreferrer\" target=\"_blank\" style=\"background-color: rgb(242, 242, 242); color: rgb(18, 86, 160);\">CAC 40</a>&nbsp;démarre cette nouvelle semaine sur une note positive, les marchés boursiers européens étant dans leur ensemble aidés par les plans du gouvernement britannique visant à renforcer la confiance dans ses politiques fiscales après des semaines de turbulences.</p><p>Le nouveau ministre britannique des Finances, Jeremy Hunt, annoncera des mesures fiscales et de dépenses plus tard lundi, deux semaines plus tôt que prévu, après que le plan économique initial présenté par la première ministre Liz Truss et l'ancien chancelier Kwasi Kwarteng ait fait vaciller les marchés financiers.</p><p>Le sentiment sur les marchés britanniques, mais aussi ailleurs en Europe, y compris sur le CAC 40, a été stimulé par des rapports selon lesquels le gouvernement britannique se prépare à faire une volte-face majeure sur les réductions d'impôts prévues, mais cela devra se matérialiser par des plans concrets pour éviter une nouvelle chute des obligations.</p><p>Les obligations du gouvernement britannique reprendront leurs échanges lundi sans le soutien du programme d'achat d'obligations d'urgence de la Banque d'Angleterre, qui a pris fin vendredi.</p><p>Cela dit, les gains du CAC 40 comme des autres bourses européennes risquent d'être limités, car les investisseurs continuent de s'interroger sur la détérioration des perspectives économiques et sur la poursuite du resserrement des politiques monétaires dans le monde.</p><p>La semaine dernière, un taux d'inflation plus élevé que prévu aux États-Unis a largement cimenté les attentes de nouvelles hausses de taux de la Réserve fédérale cette année, bien que l’impact sur le CAC 40 et les autres marchés ait été mitigé, et les données du PIB du troisième trimestre en Chine, attendues mardi, devraient montrer le taux de croissance annuel le plus faible depuis près de 50 ans.</p><h2>Événements susceptibles d'influencer le CAC 40 ce lundi</h2><p>En ce qui concerne les événements potentiellement influents sur le CAC 40 ce lundi, le calendrier économique est presque vide, mis à part les données sur les prix à la consommation italiens devraient rester élevés en septembre, avec une hausse de 8,9 % sur l'année.</p><p>Cela pourrait renforcer la pression sur la Banque centrale européenne pour qu'elle continue à relever ses taux d'intérêt, et peser sur le CAC 40. Les responsables politiques de la BCE, Luis de Guindos et Philip Lane, doivent s'exprimer lors de différents événements lundi, et leurs commentaires seront étudiés à la recherche d'indices sur les mouvements futurs.</p><p>Enfin, d'un point de vue graphique, le CAC 40 se rapproche du seuil de 6000 points, qui est à considérer comme une résistance clé.</p>",
  "themeNews": "information_financiere",
  "image": "",
  "auteur": "62dae5e910ab560725a15fbf",
  "date": "2022-10-17T12:27:42Z",
  "_class": "com.example.demo.model.Article"
},{
  "_id": {
    "$oid": "634d73ee800b363d28dc5e30"
  },
  "nom": "Que penser de la déclaration de Xi Jinping sur la \"force de combat mondiale\" ?",
  "type": "news",
  "contenu": "<p>L'armée chinoise doit agir plus rapidement pour devenir une force de combat de classe mondiale. C'est l'une des déclarations faites par Xi Jinping, le président chinois, lors du congrès du parti le week-end dernier.</p><p>Xi appelle à accélérer la mise en place d'une armée de classe mondiale. \"Nous devons renforcer notre sens de la difficulté et nous préparer au danger en temps de paix\", rapporte le&nbsp;<em>South China Morning Post</em>.</p><p>Le président chinois a souligné l'importance de renforcer la capacité à maintenir la sécurité nationale, à garantir l'approvisionnement en nourriture et en énergie, à sécuriser les chaînes d'approvisionnement, à améliorer la capacité à faire face aux catastrophes et à protéger les informations personnelles.</p><p>Les plus grands applaudissements du congrès sont venus lorsque Xi a réitéré son opposition à l'indépendance de Taïwan.</p><p>Au cours de sa décennie au pouvoir, Xi a engagé la Chine sur une voie de plus en plus autoritaire qui a donné la priorité à la sécurité, au contrôle de l'économie par l'État au nom de la \"prospérité commune\", à une diplomatie plus affirmée, à une armée plus forte et à une pression croissante pour s'emparer de Taïwan, gouvernée démocratiquement, rapporte la&nbsp;<em>CBC</em>.</p><p>Globalement, les analystes ne s'attendent pas à un changement significatif de l'orientation politique au cours du troisième mandat de Xi.</p><p><strong>Que penser de la déclaration de Xi Jinping sur la \"force de combat mondiale\" ?</strong></p><p><strong>&nbsp;</strong></p><p><br></p><p><br></p>",
  "themeNews": "information_financiere",
  "image": "uploads/article/2022/10/17/1666020334280-88a5ef64-ea51-453f-8385-af67b0c3d867.jpg",
  "auteur": "62dae5e910ab560725a15fbf",
  "date": "2022-10-17T16:25:34Z",
  "_class": "com.example.demo.model.Article"
},{
  "_id": {
    "$oid": "634d7437800b363d28dc5e31"
  },
  "nom": "Credit Suisse: Meissner partira une fois la restructuration lancée, indiquent des sources",
  "type": "news",
  "contenu": "<p>LONDRES (Reuters) - Le directeur des activités de banque d'investissement de Credit Suisse, Christian Meissner, quittera le groupe une fois que celui-ci aura présenté sa nouvelle stratégie, a-t-on appris lundi de source proche du dossier.</p><p>L'annonce de son départ devrait intervenir simultanément à l'annonce du nouveau projet et à la publication des résultats trimestriels, le 27 octobre, a-t-on précisé, confirmant des informations de Bloomberg News.</p><p>Contacté par Reuters, Credit Suisse s'est refusé à tout commentaire.</p><p>Christian Meissner n'était pas disponible dans l'immédiat pour un commentaire.</p><p>Recruté en 2020 par la banque suisse, Christian Meissner avait été chargé en août dernier de piloter la revue stratégique lancée à l'échelle du groupe.</p><p>L'avenir des activités de banque d'investissement suscite des interrogations après une série d'affaires coûteuses qui incluent une perte de plus de cinq milliards de dollars liée à la faillite du fonds Archegos l'an dernier.</p>",
  "themeNews": "news",
  "image": "uploads/article/2022/10/17/1666020407339-ef754dad-8fee-4d5d-8a09-6dead8a7a0f6.jpg",
  "auteur": "62dae5e910ab560725a15fbf",
  "date": "2022-10-17T16:26:47Z",
  "_class": "com.example.demo.model.Article"
},{
  "_id": {
    "$oid": "634d74af800b363d28dc5e32"
  },
  "nom": "Bitcoin, Ethereum & Co: Macao mise sur les nouveaux moyens de paiement légaux",
  "type": "news",
  "contenu": "<p>Le&nbsp;<a href=\"https://fr.investing.com/crypto/bitcoin\" rel=\"noopener noreferrer\" target=\"_blank\" style=\"background-color: rgb(242, 242, 242); color: rgb(18, 86, 160);\">Bitcoin</a>&nbsp;et d'autres crypto-monnaies pourraient bientôt jouer un rôle important parmi les moyens de paiement officiellement disponibles dans la région administrative spéciale de Macao en Chine.</p><p>Le conseil d'administration a adopté un projet de loi visant à autoriser les actifs numériques comme moyen de paiement légal. Ce projet va maintenant être transmis au Conseil législatif, où il sera discuté en détail. Jusqu'à présent, aucune cryptomonnaie n'a été nommée, mais on peut supposer qu'il s'agit des principaux actifs numériques.</p><p>Il a également été précisé que les personnes qui refusent de payer avec les nouveaux moyens de paiement légaux s'exposent à des sanctions pouvant aller jusqu'à 10.000 MOP (1.237 dollars).</p><p>La raison pour laquelle Macao est ouverte à l'extension de la monnaie légale est qu'elle est considérée comme le \"Monte Carlo de l'Est\". Plus de la moitié du PIB généré provient de l'industrie des casinos. Un secteur qui mise de plus en plus sur ses plates-formes en ligne pour s'implanter également dans le crypto-business.</p><h2>Bitcoin : Repères techniques</h2><p>Le bitcoin augmente actuellement de 0,69 pour cent à un cours&nbsp;<a href=\"https://fr.investing.com/crypto/bitcoin/btc-usd\" rel=\"noopener noreferrer\" target=\"_blank\" style=\"background-color: rgb(242, 242, 242); color: rgb(18, 86, 160);\">BTC/USD</a>&nbsp;de 19 266 dollars, tandis qu'un gain hebdomadaire de 0,50 pour cent est enregistré.</p><p>La crypto-monnaie continue d'osciller autour du retracement Fibo de 23,6% de 19.255 dollars. Tant qu'il n'y a pas de clôture journalière au-dessus de ce niveau, la pression baissière immédiate se maintient et il faut s'attendre à un test du plus bas du 21 septembre à 18.191 dollars. En dessous, la focalisation se déplacerait vers le plus bas du cycle de 17.630 dollars.</p><p><br></p>",
  "themeNews": "information_financiere",
  "image": "uploads/article/2022/10/17/1666020527705-eec88899-5166-44d4-8414-bd20d7c4a01c.jpg",
  "auteur": "62dae5e910ab560725a15fbf",
  "date": "2022-10-17T16:28:47Z",
  "_class": "com.example.demo.model.Article"
},{
  "_id": {
    "$oid": "634fdfff28867c0a8f468972"
  },
  "nom": "Quel a été l’évènement le plus catastrophique de l’histoire de l’humanité ?",
  "type": "article",
  "contenu": "<p><span style=\"background-color: initial;\">Et bien même si certaines des autres réponses montrent des vrais catastrophes, je vais quitter un peu le vieux monde, personnellement.</span></p><p><span style=\"background-color: initial;\">Car nous parlons ici, amha, de la plus grande catastrophe humaine de l'Histoire.</span></p><p><span style=\"background-color: initial;\">Parlons donc d'un événement qui a éliminé 95% d'une population, qui a conduit des millions d'autres à l'esclavage, qui a été à l'origine de toutes les colonisations futures, à savoir la découverte de l'Amérique.</span></p><p><span style=\"background-color: initial;\">La population américaine avant l'arrivée de Colomb était comprise entre 40 et 60 millions. Mais certains autres comptes la place dans l'ordre des cent millions. Dans tous les cas, la population des deux Amériques était supérieure à celle de l'Europe avant la Grande Peste (qui tua 25–30% de la population européenne), deux fois moindre que celle de l'Asie, continent le plus peuplé du monde.</span></p><p><span style=\"background-color: initial;\">Un siècle et demi plus tard, 95% de la population avait disparue. Sans génocide, sans camp de la mort… Juste en raison du choc microbien.</span></p><p><span style=\"background-color: initial;\">Voyez vous, les amérindiens, pour diverses raisons que je vais exposer par la suite, étaient dépourvus d'immunité vis à vis des maladies européennes. Je ne suis pas épidémiologistes donc si je me trompe, hésitez pas à me reprendre.</span></p><p><span style=\"background-color: initial;\">Il y a deux types d'immunité aux maladies :</span></p><ul><li><span style=\"background-color: initial;\">L'immunité acquise : en étant exposé à un virus, si on survit à celui ci, notre corps sait se protéger. c'est pourquoi un enfant qui choppe la rougeole ou la varicelle ne l'attrapera plus jamais. A l'époque dont on parle, la quasi totalité des européens avaient été exposés à la variole, rougeole, et autres. Les amérindiens, eux, n'avaient jamais été exposé à ces maladies.</span></li><li><span style=\"background-color: initial;\">L'immunité génétique : elle est basée sur le système immunitaire, qui est plus ou moins préparé à se protéger des maladies. Un grand brassage de population permet de diffuser ces défenses. Plus une population est métissée, et plus l'immunité génétique est grande, et moins les maladies tapent dure. Chez les indiens, c'était l'inverse. On a ici l'exemple qu'une grande&nbsp;</span><strong style=\"background-color: initial;\">homogénéité&nbsp;</strong><span style=\"background-color: initial;\">génétique peut se révéler néfaste. Je vais développer.</span></li></ul><p><span style=\"background-color: initial;\">Les indiens sont arrivés à une date encore pas claire en Amérique. Mais ils sont les bout du bouts de l'humanité. Imaginez : En Afrique, il y a l'ensemble des groupes humains, quasi tout nos ancêtres en viennent, à l'exception des métissages avec Néandertal ou Denisova. C'est en Afrique que la diversité génétique est donc la plus importante, car elle est le berceau de l'Humanité.</span></p><p><span style=\"background-color: initial;\">Quelques uns de ses groupes vont coloniser l'Europe, l'Asie, l'Océanie. Chacun de ces groupes aura une diversité génétique moindre que les ancêtres africain. Les indiens, par exemple, présentent très peu de groupe sanguins en dehors du O, là où les européens sont O ou A. Moindre diversité, moindre possibilité de se défendre en cas de maladie inconnue.</span></p><p><span style=\"background-color: initial;\">L'immunité varie d'un individu à l'autre en fonction de ces différences génétiques. on estime qu'il y a 36 classes principales d'antigènes HLA chez les européens. Il n'y en a que 17 chez les indiens. Un tiers des amérindiens ont des profils HLA identique, contre 1/200 en Afrique. Les antigènes HLA sont ceux qui permettent l'identification des maladies par le système immunitaire. Les indiens en sont beaucoup moins pourvus que les autres peuples du monde, d'où une fragilité beaucoup plus importante en cas de nouvelle maladie.</span></p><p><em style=\"background-color: initial;\">(Note : l'homogénéité génétique peut être positive aussi : si les tares génétiques n'existent pas dans la population qui se sépare du reste de l'humanité, leur descendants en seront dépourvus : les indiens ne connaissent pas la fibrome cystique, l'anémie du nouveau né, peut être la schizophrénie, l'asthme.)</em></p><p><span style=\"background-color: initial;\">Et les indiens avaient peu d'anima</span></p>",
  "exclusivite": "true",
  "image": "uploads/article/2022/10/19/1666179071045-e8665c26-8d8c-44c3-a45d-b2ea8ba1be28.jpg",
  "auteur": "62dae5e910ab560725a15fbf",
  "date": "2022-10-19T12:31:11Z",
  "_class": "com.example.demo.model.Article"
},{
  "_id": {
    "$oid": "634fe23528867c0a8f468973"
  },
  "nom": "Pourquoi Warren Buffett affiche-t-il un style de vie frugal alors qu'il est multimilliardaire ?",
  "type": "article",
  "contenu": "<p><span style=\"background-color: initial;\">Et bien même si certaines des autres réponses montrent des vrais catastrophes, je vais quitter un peu le vieux monde, personnellement.</span></p><p><span style=\"background-color: initial;\">Car nous parlons ici, amha, de la plus grande catastrophe humaine de l'Histoire.</span></p><p><span style=\"background-color: initial;\">Parlons donc d'un événement qui a éliminé 95% d'une population, qui a conduit des millions d'autres à l'esclavage, qui a été à l'origine de toutes les colonisations futures, à savoir la découverte de l'Amérique.</span></p><p><span style=\"background-color: initial;\">La population américaine avant l'arrivée de Colomb était comprise entre 40 et 60 millions. Mais certains autres comptes la place dans l'ordre des cent millions. Dans tous les cas, la population des deux Amériques était supérieure à celle de l'Europe avant la Grande Peste (qui tua 25–30% de la population européenne), deux fois moindre que celle de l'Asie, continent le plus peuplé du monde.</span></p><p><span style=\"background-color: initial;\">Un siècle et demi plus tard, 95% de la population avait disparue. Sans génocide, sans camp de la mort… Juste en raison du choc microbien.</span></p><p><span style=\"background-color: initial;\">Voyez vous, les amérindiens, pour diverses raisons que je vais exposer par la suite, étaient dépourvus d'immunité vis à vis des maladies européennes. Je ne suis pas épidémiologistes donc si je me trompe, hésitez pas à me reprendre.</span></p><p><span style=\"background-color: initial;\">Il y a deux types d'immunité aux maladies :</span></p><ul><li><span style=\"background-color: initial;\">L'immunité acquise : en étant exposé à un virus, si on survit à celui ci, notre corps sait se protéger. c'est pourquoi un enfant qui choppe la rougeole ou la varicelle ne l'attrapera plus jamais. A l'époque dont on parle, la quasi totalité des européens avaient été exposés à la variole, rougeole, et autres. Les amérindiens, eux, n'avaient jamais été exposé à ces maladies.</span></li><li><span style=\"background-color: initial;\">L'immunité génétique : elle est basée sur le système immunitaire, qui est plus ou moins préparé à se protéger des maladies. Un grand brassage de population permet de diffuser ces défenses. Plus une population est métissée, et plus l'immunité génétique est grande, et moins les maladies tapent dure. Chez les indiens, c'était l'inverse. On a ici l'exemple qu'une grande&nbsp;</span><strong style=\"background-color: initial;\">homogénéité&nbsp;</strong><span style=\"background-color: initial;\">génétique peut se révéler néfaste. Je vais développer.</span></li></ul><p><span style=\"background-color: initial;\">Les indiens sont arrivés à une date encore pas claire en Amérique. Mais ils sont les bout du bouts de l'humanité. Imaginez : En Afrique, il y a l'ensemble des groupes humains, quasi tout nos ancêtres en viennent, à l'exception des métissages avec Néandertal ou Denisova. C'est en Afrique que la diversité génétique est donc la plus importante, car elle est le berceau de l'Humanité.</span></p><p><span style=\"background-color: initial;\">Quelques uns de ses groupes vont coloniser l'Europe, l'Asie, l'Océanie. Chacun de ces groupes aura une diversité génétique moindre que les ancêtres africain. Les indiens, par exemple, présentent très peu de groupe sanguins en dehors du O, là où les européens sont O ou A. Moindre diversité, moindre possibilité de se défendre en cas de maladie inconnue.</span></p><p><span style=\"background-color: initial;\">L'immunité varie d'un individu à l'autre en fonction de ces différences génétiques. on estime qu'il y a 36 classes principales d'antigènes HLA chez les européens. Il n'y en a que 17 chez les indiens. Un tiers des amérindiens ont des profils HLA identique, contre 1/200 en Afrique. Les antigènes HLA sont ceux qui permettent l'identification des maladies par le système immunitaire. Les indiens en sont beaucoup moins pourvus que les autres peuples du monde, d'où une fragilité beaucoup plus importante en cas de nouvelle maladie.</span></p><p><em style=\"background-color: initial;\">(Note : l'homogénéité génétique peut être positive aussi : si les tares génétiques n'existent pas dans la population qui se sépare du reste de l'humanité, leur descendants en seront dépourvus : les indiens ne connaissent pas la fibrome cystique, l'anémie du nouveau né, peut être la schizophrénie, l'asthme.)</em></p><p><span style=\"background-color: initial;\">Et les indiens avaient peu d'anima</span></p>",
  "exclusivite": "false",
  "image": "uploads/article/2022/10/19/1666179637104-5f103252-a481-4478-a6a2-29a403962b48.jpg",
  "auteur": "62dae5e910ab560725a15fbf",
  "date": "2022-10-19T12:40:37Z",
  "_class": "com.example.demo.model.Article"
},{
  "_id": {
    "$oid": "634ff38828867c0a8f468974"
  },
  "nom": "How Traders Use Volume to Their Advantage",
  "type": "article",
  "contenu": "<p>So, first things first, let’s talk about what volume is. Generally speaking, volume is a measure of quantity. In relation to the stock market, volume refers to the number of shares that were traded in any given timeframe.</p><p><br></p><p>For example, if Bob buys 300 shares of Tesla, and Alice buys 100 shares of Apple, together the total volume of their transaction is 400. That number gets added towards the daily trading volume of the stock market.</p><p><br></p><p>It’s important to note here that it's not the number of transactions that counts as volume, but the total number of units of an asset, such as a share. Also, in the example above, the total volume of stocks that were traded by Bob and Alice is counted toward the entire stock market volume for that day. But, beyond that, both of their transactions had an impact on the trading volume of each company’s shares too. So, when Bob bought his shares, the trading volume for Tesla increased. The same happened when Alice bought Apple shares.</p><p><br></p><p><strong>Reading Volume Charts</strong></p><p><br></p><p>Although quoting Charles Dow is always a good idea, in this particular case, it’s more than just a good idea – it’s a must. Charles Dow believed that volume is the most important indicator along with price. Why? In short, because volume illustrates the validity behind the price moves.</p><p><br></p><p>So, when traders look at the charts, they see candlesticks which help them understand the movement of the price. Is there a bullish or bearish momentum? Is the market indecisive? These are questions that candlesticks patterns can answer. But to answer whether a price move has validity or where the price is likely to go next, volume charts are needed.</p><p><br></p><p>Volume is typically found at the bottom of the price chart. It is represented by a histogram, or in simpler words, bars that rise and fall depending on the quantity of volume that there is. These bars represent the number of shares traded per any given timeframe. So, if Bob wanted to see the trading volume of Tesla on a 1-minute timeframe, each bar would represent the volume per minute. Now, let’s say that Alice wanted to see the daily trading volume of Apple, in her chart, each bar would represent the trading volume of each day.</p><p><br></p><p>The reason that they are located below the price charts is to make it easier for traders to see how the volume patterns correspond to the price patterns. The more volume there is behind a price move, the more buying or selling pressure there is in the market. On the contrary, less volume implies that there is less buying or selling pressure.</p><p><br></p><p>Let’s say, for example, that Alice just bought one share of Tesla for $300. She did this because she saw that the price was increasing, and wanted to take advantage of the rally. However, the share price began to decline soon after she bought it. The problem is that Alice forgot to look at the volume. If she had looked, she would’ve seen that there is not enough volume behind the upward price move. In other words, the asset is probably overpriced and highly likely to see a trend reversal soon.</p><p><br></p><p>Essentially, what we’re saying is that volume should increase or climb in the same direction as the price trend. So, when they say ‘volume confirms the trend’ what it means is that in an uptrend, volume ought to climb along with the prices, and fall when the prices dip. Whereas, in a downtrend, volume ought to be higher on the dips, and lighter on the bounces.</p><p><br></p><p><strong>Why is Volume Important to Traders?</strong></p><p><br></p><p>As long as volume and price patterns move in harmony, traders should feel confident following the trend. However, they should keep an eye out on both the prices and the volume bars. Candlesticks can form many different kinds of patterns, but volume can help traders determine if the pattern is likely to be a continuation or a reversal of the existing trend.</p><p><br></p><p>Let’s take the Head &amp; Shoulders reversal pattern as an example.</p><p><br></p><p>If during the formation of the pattern the volume from the neckline to the head is lighter, it’s the first sign that the bulls are too weak to maintain the upward direction. The next alert occurs during the formation of the second shoulder, when the prices move from neckline to the right shoulder on lighter volume. Finally, prices decline below the neckline but this time it's on higher volume, confirming the reversal to the downside.</p><p><br></p><p><img src=\"https://i.imgur.com/FshCPb5.jpg\"></p><p><br></p><p>Essentially, this indicates that volume precedes price. It is a leading indicator that can help traders determine whether there is enough pressure in the market to maintain an existing trend.</p><p><br></p><p><strong>The Bottom Line</strong></p><p><br></p><p>As already mentioned, volume is an extremely important indicator. After all, it's considered a leading indicator that precedes the price itself. It can help traders understand if the direction of the market is weakening or strengthening.</p><p><br></p><p>Let’s say, for example, that the price of company XYZ breaks above the resistance level on higher volume. This is a likely confirmation that the price will continue to move upwards. Similarly, if the price fell below the support level on high volume, it would be considered a likely indication that the prices will continue to move downwards.</p><p><br></p><p>In a healthy uptrend, volume should increase in the direction of the market and decrease during the declines. Conversely, in a healthy downtrend, volume should increase during the decline and decrease during upward corrections.</p><p><br></p><p>If you liked this article, you might also like our articles on Stop Loss, Candlestick Patterns, the Moving Average, and many more. Head over to your account and discover all the educational resources that NAGA offers!</p><p><br></p>",
  "exclusivite": "false",
  "image": "uploads/article/2022/10/19/1666184072685-a2de0f4f-fafa-428e-ad06-ecaa442224bf.jpg",
  "auteur": "62dae5e910ab560725a15fbf",
  "date": "2022-10-19T13:54:32Z",
  "_class": "com.example.demo.model.Article"
},{
  "_id": {
    "$oid": "635103de13d92279778c0383"
  },
  "nom": "The Principles of Dow Theory",
  "type": "article",
  "contenu": "<p>In Introduction to Dow Theory, we told you a little bit about Dow’s legacy and claim-to-fame. We also promised to go over the principles of Dow Theory and explain their importance. And since we like to keep our promises, here we are delivering! OK, now that we’ve all done a celebratory high-five (at least I know we did), let’s take a closer look at the 6 tenets that are known as The Dow Theory.</p><p><br></p><p><strong>1. The Averages Discount everything</strong></p><p><br></p><p>Averages is another name for indices, so the first principle says that the indices already discount everything. But what does that mean? Well, you’re probably (wishfully) thinking that it means you can get discounts on stocks included on the indices! Sadly, that’s not the case. But it's not all bad news…</p><p><br></p><p>The theory suggests that the index prices reflect everything. In other words, when any event occurs - big or small, public or private, good or bad, the indices recalibrate to reflect the impact of the event.</p><p><br></p><p>This is because millions of traders worldwide react to events that occur by adjusting their market positions. So, to sum up, indices already reflect company performance, rate of inflation, market sentiment, trends, and other data because investors already take all that into account when they manage their positions.</p><p><br></p><p><strong>2. The Market Has Three Trends</strong></p><p><br></p><p>To talk about the three broad market trends, we must first explain what a trend is. So, let’s start off by saying that a trend is a market momentum in a specific direction. The direction can be up, down, or sideways.</p><p><br></p><p>But not all trends are equal. Charles Dow divided the types of trends and categorized them as tides, waves, and ripples. Tides, also known as primary trends, typically last a year or more. These are the largest trends and what we refer to when we say that the market is generally either bearish or bullish.</p><p><br></p><p>Waves, known as secondary trends, tend to last anywhere between a few weeks and several months. A secondary trend usually goes in the opposite direction of the primary trend.</p><p><br></p><p>Finally, the ripples, also known as minor trends, tend to reflect the small short-lasting market movements that usually last anywhere between a few days to a few weeks.</p><p><br></p><p>Generally speaking, a primary trend is the most important, so other trends happen within this trend. For example, a wave could be a continuation pattern that forms during a primary trend, while a ripple can reflect the intraday volatility that a financial instrument may experience.</p><p><br></p><p><strong>3. Primary Trends Have Three Phases</strong></p><p><br></p><p>OK, so now that we have an idea of what a primary trend is, Dow suggests that we take a closer look at it because he believed that these trends could be categorized into three phases.</p><p><br></p><p>The accumulation phase occurs when a particular type of investor begins opening positions in what appears to be a bearish market because they are convinced that that the market will have a turning point and turn bullish. These types of investors are well-informed and experienced; they are sometimes referred to as ‘smart money’.</p><p><br></p><p>The public participation phase is what happens when the rest of the world finds out that savvy investors are opening these positions, so they do the same, causing prices to go up and changing the economic prospect positively.</p>",
  "themeArticle": "analyse_boursiere_INTER",
  "exclusivite": "false",
  "image": "uploads/article/2022/10/20/1666253790150-01c50269-111b-4159-a9d5-0bc55f790bf1.jpg",
  "auteur": "62dae5e910ab560725a15fbf",
  "date": "2022-10-20T09:16:30Z",
  "_class": "com.example.demo.model.Article"
},{
  "_id": {
    "$oid": "6351044d13d92279778c0384"
  },
  "nom": "The Animal Kingdom of the Financial Markets",
  "type": "article",
  "contenu": "<p>When it comes to the financial markets, there is no shortage of interesting stories, intriguing propositions, amusing facts, and of course market jargon.</p><p><br></p><p>But don’t worry, we promise not to bore you with a list of complex economic terms and insist that you must learn them if you are to become a successful trader.</p><p><br></p><p>Instead, we’re hoping to make you laugh (though we’ll settle for a little chuckle) as we introduce you to the Animal Kingdom of the Financial Markets.</p><p><br></p><p>Surely, you’ve heard of the bulls and the bears...but did you know that there’s also an ostrich, a chicken, and a swan?</p><p><br></p><p>Our guess is no. Well, we’re about to change that. Prepare yourself cause it’s a zoo out there!</p><p><br></p><h2>The Markets</h2><p><br></p><p>First things first, you should know that the Animal Kingdom of the Financial Markets is also divided into groups, each representing a different part of the trading market.</p><p><br></p><p>So, without further ado, let’s dive right in.</p><p><br></p><p>There first and most popular group that we’ll be looking at is the market of course with its legendary bull and bear…</p><p><br></p><p><strong>The Bull</strong></p><p><br></p><p><img src=\"https://i.imgur.com/30TRna7.png\"></p><p><br></p><p>Traders that are highly positive about market prospects, expecting the market to continue growing are known as bulls. Their optimism is called bullish sentiment and it reflects their anticipation of good market performance and stable growth. As a result, they continue to invest and drive the market upwards.</p><p><br></p><p>The bull is used as a metaphor because bulls thrust their horns in the air, much like an upward trend would thrust market performance up on the charts.</p><p><br></p><p><strong>The Bear</strong></p><p><br></p><p><img src=\"https://i.imgur.com/nOICHLg.png\"></p><p><br></p><p>Contrary to the bull, the bear is full of negative speculation and expects a market decline. Bearish sentiment shows that the traders anticipate poor market performance for some time, typically because of recession, high unemployment rates, etc.</p><p><br></p><p>As a result, the bulls are overwhelmed by the bears who take control of the market to push it lower so they can benefit from the decline.</p><p><br></p><h2>Types of Investors</h2><p><br></p><p>The next group is the types of traders whose behavior reminds us of animal characteristics. And no, it’s not always the courage of the lion or the kindness of a deer. Some traders are associated with less popular animals…</p><p><br></p><p><strong>The Rabbit</strong></p><p><br></p><p><img src=\"https://i.imgur.com/NuIOfiT.png\"></p><p><br></p><p>Investors that seek to generate maximum profit over minimum time are often called rabbits. They typically open and close positions within a day, but it can extend over weeks occasionally.</p><p><br></p><p>Such investors can make significant profits quickly, but they also tend to incur significantly high transaction fees because of the number of positions that they open and close.</p><p><br></p><p>They are associated with rabbits because of their speed.</p><p><br></p><p><strong>The Turtle</strong></p><p><br></p><p><img src=\"https://i.imgur.com/8hHXc5g.png\"></p><p><br></p><p>As the fable of the turtle and the hare teaches us, often steady and calculated moves outperform arrogant and impulsive ones. Turtle investors are the opposite of the rabbit investors. They like to make their wealth steadily but slowly that’s why their portfolios frequently consist of a variety of long-term investment plans or ETFs instead of short-term securities that can yield higher returns but come with more risk.</p><p><br></p><p>The moral of the story here is that turtle investors can win at the end of the day, but it probably wouldn’t hurt them to be a little more active.</p><p><br></p><p><strong>The Chicken</strong></p><p><br></p><p><img src=\"https://i.imgur.com/MkGeB1X.png\"></p><p><br></p><p>Unfortunately, ‘chicken’ in the trading markets is the same as ‘chicken’ on a school yard, it is a nickname given to someone who is afraid. Though the nickname is as old as time, we aren’t sure why the poor animal got such a bad rep. Chickens are actually quite brave and can even be scary sometimes.</p><p><br></p><p>But coming back to the financial markets…</p><p><br></p><p>Chicken investors are very risk averse and calculated traders, who have carefully picked out their portfolio and aren’t keen on risky securities. They like to play on the safe side so their portfolios will typically include assets such as government bonds and securities or bank deposits.</p><p><br></p><p><strong>The Pig</strong></p><p><br></p><p><img src=\"https://i.imgur.com/5oCoJEU.png\"></p><p><br></p><p>“For every yin, there is a yang” is a principle that follows us everywhere – even the financial markets. So, for every risk-averse and careful investor, there is a high-risk opportunist looking to maximize profits from minimal investment of time or capital.</p><p><br></p><p>Their impatience and risk appetite can earn them maximum profits, but it can also result in heavy losses due to lack of patience. The thrill of closing a successful trade (that you opened on a whim) is surely exhilarating but it’s always safer to start a trade with a solid entry and exit strategy.</p><p><br></p><p><strong>The Sheep</strong></p><p><br></p><p><img src=\"https://i.imgur.com/LwzEWQm.png\"></p><p><br></p><p>Investors that lack decision-making skills or abilities are known as sheep because they rely on and follow the opinions of others around them.</p><p><br></p><p>They are typically the last people to join an uptrend or a downtrend because they prefer to stay on the side of the majority. Like sheep they are prone to herd mentality.</p><p><br></p><p><strong>The Wolf</strong></p><p><br></p><p><img src=\"https://i.imgur.com/4iWaEZR.png\"></p><p><br></p><p>If this is ringing any bells that’s probably because you are thinking of the movie ‘Wolf of Wall Street’. And if you have seen the movie then you probably already know the type of investor we are about to describe.</p><p><br></p><p>Wolf investors are dishonest, immoral, and unethical. They are here to make money and they don’t care what it takes to make that happen. Such investors typically resort to unethical practices and scams, much like Jordan Belford, the real-life investor on whom ‘Wolf of Wall Street’ is based.</p><p><br></p><p><strong>The Stag</strong></p><p><br></p><p><img src=\"https://i.imgur.com/tjPyHOQ.png\"></p><p><br></p><p>Ever heard of a strategy called day trading? Well, that’s basically what stag traders are.</p><p><br></p><p>These traders aren’t here for long-term investments, instead they want to make profit in the short-term. They use technical analysis to open and close trades within a few hours and are often characterized by following short-term trend opportunities.</p><p><br></p><p><strong>The Whale</strong></p><p><br></p><p><img src=\"https://i.imgur.com/oCpdytU.png\"></p><p><br></p><p>While whales are the largest mammals living on Earth, whale investors are some of the wealthiest market participants. The trouble with whales in the financial markets is that their wealth sometimes gives them too much power in the market.</p><p><br></p><p>Whale investors can start buying up a particular asset, creating an illusion of a trend to entice others to buy the asset too, and then liquidate their positions as soon as the price reaches a predetermined peak.</p><p><br></p><p><strong>The Ostrich</strong></p><p><br></p><p><img src=\"https://i.imgur.com/BjHLPYF.png\"></p><p><br></p><p>One of the most peculiar characteristics of an ostrich is that it buries its head in the sand and waits for the danger to pass instead of addressing the situation.</p><p><br></p><p>It is no wonder then, that ostriches have been chosen to represent the passive investors that fail to update or amend their portfolios in adverse market conditions. Instead, they let it be and hope that their investment will remain unaffected when the market regains stability.</p><p><br></p><p>And with that we close the chapter on the types of traders. Next up, we’re going to look at governmental bodies.</p><p><br></p><h2>The Policymakers</h2><p><br></p><p>You’re probably thinking ‘This already sounds complex, and I haven’t even begun yet’! But don’t worry, we’ll keep it nice and short…after all, there’s only two animals to mention here.</p><p><br></p><p>But first a brief little introduction…the policymakers are the members of The Federal Reserve that influence the monetary policy in the country.</p><p><br></p><p><strong>The Hawk</strong></p><p><br></p><p><img src=\"https://i.imgur.com/4giCGMn.png\"></p><p><br></p><p>These represent the policymakers that believe in controlling the supply of money in the economy. Their aim is to control the inflation by keeping the interest rates high.</p><p><br></p><p><strong>The Dove</strong></p><p><br></p><p><img src=\"https://i.imgur.com/8igz9Gi.png\"></p><p><br></p><p>Doves are peaceful and elegant creatures. This is why they are chosen to represent the policymakers that believe in lower interest rates and quantitative easing to stimulate the economy. They are considered the opposite of hawks.</p><p><br></p><h2>Currencies</h2><p><br></p><p>You might already know that some currencies or currency pairs have special nicknames. For example, the GBPUSD pair is often called the Cable, and the USD is often referred to as the Greenback. But would you have guessed that there are currencies that are named after animals?</p><p><br></p><p>That’s right, the currency you might have in your wallet right now could have an ‘alter ego’. Let’s take a look, shall we?</p><p><br></p><p><strong>The Loonie</strong></p><p><br></p><p><img src=\"https://i.imgur.com/AklYAps.png\"></p><p><br></p><p>No, this nickname is not related to the Looney Tunes, or a deranged person for that matter. Instead, its derived from an aquatic bird called ‘Loon’. These birds are considered the symbols of Canada and are thus found on the $1 Canadian Dollar coin. As a result, CAD became known as the Loonie, especially in the trading industry.</p><p><br></p><p><strong>The Kiwi</strong></p><p><br></p><p><img src=\"https://i.imgur.com/ofYr1sD.png\"></p><p><br></p><p>We all know and probably enjoy the fruit called kiwi, but that’s not an animal…or is it? As it turns out, there’s a flightless bird that is native to New Zealand called Kiwi. So, the New Zealand Dollar (NZD) is sometimes referred to as Kiwi in honor of the bird</p><p><br></p><p><span style=\"color: rgb(29, 30, 55);\">.</span></p><p>It would really be a waste not to take the opportunity to mention that the fruit was actually named after the bird as they are both small, brown, and fuzzy.</p><p><br></p><p>But back to the topic at hand…next up we have an increasingly popular category to cover.</p><p><br></p><h2>Cryptocurrencies</h2><p><br></p><p>You didn’t really think we’d forget to mention crypto here, did you?!</p><p><br></p><p>Not a chance!</p><p><br></p><p>But we won’t be looking at every cryptocurrency that is associated with a dog because at this rate, that might take us years. Instead, we’ll focus on the two most popular dog-related meme coins.</p><p><br></p><p><strong>The Shiba Inu</strong></p><p><br></p><p>This Ethereum-based altcoin was given this name because its mascot is the Japanese dog-breed Shiba Inu. However, some assume that the inspiration behind the name has to do with the fact that Shiba Inu was launched as a direct competitor of Dogecoin.</p><p><br></p><p><strong>The Dogecoin</strong></p><p><br></p><p><img src=\"https://i.imgur.com/AoozU8S.png\"></p><p><br></p><p>This crypto is considered to be the first ‘meme coin’ and the first ‘dog coin’. It features the face of the Shiba Inu dog that became popular as a Doge meme in 2013.</p><p><br></p><h2>The One-of-A-Kinds</h2><p><br></p><p>OK so now that we’ve covered the basic categories and pairs, let’s move on to the unique creatures of the Animal Kingdom of the Financial Markets.</p><p><br></p><p><strong>Unicorns</strong></p><p><br></p><p><img src=\"https://i.imgur.com/PyNeFRJ.png\"></p><p><br></p><p>You are probably familiar with unicorns as mythical creatures. But there is nothing mythical about them in the trading markets. These are startups with a valuation that exceeds $1 billion before they’ve had an initial public offering (IPO).</p><p><br></p><p>They were named ‘unicorns’ because of their rarity, but as time passes it seems that they are gaining momentum and becoming more and more regular.</p><p><br></p><p><strong>Black Swan</strong></p><p><br></p><p><img src=\"https://i.imgur.com/rbaOYjY.png\"></p><p><br></p><p>Have you ever seen a black swan? Chances are you haven’t. And there’s a good reason for that - they are quite rare. In fact, once upon a time people assumed they didn’t exist at all and used them as metaphors to describe highly unlikely situations.</p><p><br></p><p>Well, we know now that they are real, but we still associate them with rare situations such as Black Swan Events which are very impactful and yet come as a complete surprise. Such events have the power to shake the global financial markets and disrupt all kinds of operations.</p><p><br></p><p>Last but not least, we’ll leave you with the two most popular four-legged friends that also make an appearance in the financial markets.</p><p><br></p><p><strong>The Dogs of the Dow</strong></p><p><br></p><p><img src=\"https://i.imgur.com/hr4zVT5.png\"></p><p><br></p><p>This investment strategy is based on buying the 10 highest dividend-paying stocks from the Dow Jones Industrial Average list of 30.</p><p><br></p><p><strong>The Dead Cat Bounce</strong></p><p><br></p><p><img src=\"https://i.imgur.com/iSXraHq.png\"></p><p><br></p><p>It’s a continuation pattern in technical analysis whereby the first bounce appears to be a reversal of the prevailing downward trend, but it is immediately followed by a continuation of the downtrend.</p><p><br></p><p>And that’s the wrap up of the Animal Kingdom of the Financial Markets. Are you wondering what type of ‘animal’ you are? We certainly are!</p><p><br></p><p><br></p>",
  "themeArticle": "article_educatif_debutant",
  "exclusivite": "true",
  "image": "uploads/article/2022/10/20/1666253901970-3cbffa8e-211a-4314-8d2e-3678d44bbc9e.jpg",
  "auteur": "62dae5e910ab560725a15fbf",
  "date": "2022-10-20T09:18:21Z",
  "_class": "com.example.demo.model.Article"
},{
  "_id": {
    "$oid": "635119c213d92279778c0386"
  },
  "nom": "Kristalina Georgieva : La privatisation des entreprises publiques est une proposition de l’exécutif tunisien",
  "type": "news",
  "contenu": "<p>La privatisation des entreprises publiques tunisiennes est une intention formulée et</p><p>proposée par les autorités tunisiennes et non pas une instruction dictée par le Fonds</p><p>Monétaire International (FMI), selon la directrice générale du préteur muttilatéral,</p><p>Kristalina Georgieva</p><p><br></p><p>La patronne de l'nstitution de Bretton Woods félicite, néanmoins, le gouvernement pour</p><p>son engagement @ réduire le role de lEtat dans l'économie et a mobiliser les</p><p>investisseurs privés tout en soulignant que le pays méritait le prét de 1,9 milliard de</p><p>dollars quill pourrait obtenir aprés dix-huit mois de négociations.</p><p><br></p><p>Kristalina Georgieva a souligné, lors de son passage sur Sky News Arabia, que le FMI</p><p>\" attendait avec impatience que la Tunisie ceuvre a la privatisation de certaines</p><p>entreprises publiques\" en insistant que institution veille a ce que \" chaque programme</p><p>dépend des volontés et ambitions des Etats\".</p><p><br></p><p>Kristalina Georgieva a indiqué que l'accord lié au prét de prés de 2 milliards de dollars,</p><p>rembourser sur quatre ans, serait octroyé en raison de la considération de lexécutif</p><p>tunisien de trois canevas cruciaux. II est question de la sécurité sociale, des futures</p><p>réformes au niveau de la gouvernance, la transparence et la gestion des finances</p><p>publiques, et de la sauvegarde la sécurité alimentaire.</p>",
  "themeNews": "information_financiere",
  "image": "uploads/article/2022/10/20/1666259394567-aa6fb7d8-e6eb-439a-8915-1c04bf372e0e.jpg",
  "auteur": "62dae5e910ab560725a15fbf",
  "date": "2022-10-20T10:49:54Z",
  "_class": "com.example.demo.model.Article"
},{
  "_id": {
    "$oid": "6351228113d92279778c0387"
  },
  "nom": "Overview of Forex top currency pairs",
  "type": "article",
  "contenu": "<p>The Foreign Exchange Market, best known as forex, is always fluctuating making it a very fascinating asset class. From Monday to Friday, the forex market ticks 24 hours fueling the world of international commerce and trade to the tune of $6.6 Trillion a day!</p><p><br></p><p>To a beginner, the number of currency pairs available to trade might be a bit overwhelming. So which pairs are the best to trade? The answer varies greatly depending on your risk profile and trade rationale. Instead, we can discuss the top traded currency pairs to help you understand a good starting point.</p><p><br></p><p>Before we go any further, let’s define a currency pair: a comparison of one currency’s value against another. The first currency in the pair is named “the base currency” and the second is “the quote currency”. The comparison indicates how much of the quoted currency is needed to buy one unit of the base currency. Therefore, any time you are trading the forex markets you are simultaneously trading two currencies at the same time!</p><p><br></p><p><img src=\"https://i.imgur.com/QivK3Co.png\"></p><p><br></p><p>When it comes to trading currency pairs, you may think of a pair as a single unit. When you “buy” the pair you believe the value will go up or if you “sell” you believe the value will go down. When buying the currency pair, you are purchasing the base currency while at the same time selling the quoted one. The inverse is true if you are selling the currency pair, which means you are selling the base currency while simultaneously buying the quoted one.</p><p><br></p><p>Let us start with the most popular individual currencies popular in Forex:</p><p><br></p><ul><li><a href=\"https://naga.com/open-trade/EURUSD\" rel=\"noopener noreferrer\" target=\"_blank\" style=\"color: rgb(49, 121, 255); background-color: transparent;\"><strong>US Dollar (USD)</strong></a></li><li><a href=\"https://naga.com/open-trade/EURUSD\" rel=\"noopener noreferrer\" target=\"_blank\" style=\"color: rgb(49, 121, 255); background-color: transparent;\"><strong>Euro (EUR)</strong></a></li><li><a href=\"https://naga.com/open-trade/AUDUSD\" rel=\"noopener noreferrer\" target=\"_blank\" style=\"color: rgb(49, 121, 255); background-color: transparent;\"><strong>Australian Dollar (AUD)</strong></a></li><li><a href=\"https://naga.com/open-trade/USDCHF\" rel=\"noopener noreferrer\" target=\"_blank\" style=\"color: rgb(49, 121, 255); background-color: transparent;\"><strong>Swiss Franc (CHF)</strong></a></li><li><a href=\"https://naga.com/open-trade/USDCAD\" rel=\"noopener noreferrer\" target=\"_blank\" style=\"color: rgb(49, 121, 255); background-color: transparent;\"><strong>Canadian Dollar (CAD)</strong></a></li><li><a href=\"https://naga.com/open-trade/USDJPY\" rel=\"noopener noreferrer\" target=\"_blank\" style=\"color: rgb(49, 121, 255); background-color: transparent;\"><strong>Japanese Yen (JPY)</strong></a></li><li><a href=\"https://naga.com/open-trade/GBPUSD\" rel=\"noopener noreferrer\" target=\"_blank\" style=\"color: rgb(49, 121, 255); background-color: transparent;\"><strong>British Pound (GBP)</strong></a></li></ul><p><br></p><p>Currency pairs are mostly denominated against the US Dollar, but in some cases, a pair can exclude the US Dollar - oftentimes referred to as “crosses”, for instance,&nbsp;<a href=\"https://naga.com/open-trade/EURGBP\" rel=\"noopener noreferrer\" target=\"_blank\" style=\"color: rgb(49, 121, 255); background-color: transparent;\"><strong>EUR/GBP</strong></a>.</p><p><br></p><p><strong>Top currency pairs to trade at Forex</strong></p><p><br></p><p><span style=\"color: rgb(29, 30, 55);\">According to the&nbsp;</span><a href=\"https://www.bis.org/statistics/rpfx19_fx.pdf#page=7\" rel=\"noopener noreferrer\" target=\"_blank\" style=\"color: rgb(49, 121, 255);\">2019 Survey of Foreign Exchange Turnover</a><span style=\"color: rgb(29, 30, 55);\">&nbsp;provided by the Bank For International Settlements, the US Dollar is involved in 88% of all foreign exchange transactions around the world. This is partly the reason why the US Dollar is known as the world’s “reserve currency”. Therefore it should come as no surprise that the top 3 most traded currency pairs all include the US Dollar, as follows:</span></p><p><a href=\"https://naga.com/open-trade/EURUSD\" rel=\"noopener noreferrer\" target=\"_blank\" style=\"color: rgb(49, 121, 255); background-color: transparent;\"><strong>EUR/USD (Euro / US Dollar)</strong></a></p><p><br></p><p>With a 24% share of all daily Forex transactions, this is the most popular currency pair. Because of the stable economic growth and strong trade relations between the two regions (USA and Europe), this currency pair is relatively stable when comparing the US Dollar to other currencies such as the Turkish Lira or Mexican Peso, which also translates to tight spreads. However, that is not to say the EUR/USD has been super stable, with some significant ups and downs throughout the Greek Debt Crisis and recently with aggressive monetary policies implemented by the central banks of both currencies.</p><p><br></p><p><a href=\"https://naga.com/open-trade/USDJPY\" rel=\"noopener noreferrer\" target=\"_blank\" style=\"color: rgb(49, 121, 255); background-color: transparent;\"><strong>USD/JPY (US Dollar / Japanese Yen)</strong></a></p><p><br></p><p>With a 13.2% share of all daily Forex transactions, this is the second most popular currency pair. Because of the stable economic growth and strong trade relations between the two regions (USA and Japan), this currency pair is also relatively stable. However, one common theme historically has been the Bank of Japan’s super aggressive policies in efforts to keep the Japanese Yen weak. The reason? Given Japan is a major exporter of goods, a weaker Yen makes Japanese exports more favorable when compared to the rest of the world. In this case, the US Dollar is the base currency which is the opposite of EUR/USD where it is the term currency.</p><p><br></p><p><a href=\"https://naga.com/open-trade/GBPUSD\" rel=\"noopener noreferrer\" target=\"_blank\" style=\"color: rgb(49, 121, 255); background-color: transparent;\"><strong>GBP/USD (British Pound / US Dollar)</strong></a></p><p><br></p><p>Accounting for 9.6% of all daily transactions, this pair - also commonly referred to as “cable” among professionals - is quite popular because of the political stability of the United Kingdom. However, as we have seen shortly after the surprise Brexit referendum and most recently with the dire coronavirus situation, this currency pair has been subject to a bit more volatility recently. The Bank of England, which manages the British Pound, is often touted as one of the most effective central banks, which adds to the credibility of the currency’s value.</p><p><br></p><p>All in all, forex is an exciting marketplace because it is the lifeblood of global commerce by enabling&nbsp;<a href=\"https://naga.com/open-trade/SNE.N\" rel=\"noopener noreferrer\" target=\"_blank\" style=\"color: rgb(49, 121, 255); background-color: transparent;\"><strong>Sony</strong></a>&nbsp;in Japan to sell its television sets in the USA,&nbsp;<a href=\"https://naga.com/open-trade/BMWG.DE\" rel=\"noopener noreferrer\" target=\"_blank\" style=\"color: rgb(49, 121, 255); background-color: transparent;\"><strong>BMW</strong></a>&nbsp;in Germany to sell its cars in Mexico, and so on.</p><p><br></p><p>We would urge you, before you start trading forex, to explore the features of the&nbsp;<a href=\"https://naga.com/feed\" rel=\"noopener noreferrer\" target=\"_blank\" style=\"color: rgb(49, 121, 255); background-color: transparent;\">NAGA Trader</a>, learn from your fellow traders sharing their wisdom on the&nbsp;<a href=\"https://naga.com/feed\" rel=\"noopener noreferrer\" target=\"_blank\" style=\"color: rgb(49, 121, 255); background-color: transparent;\">NAGA Feed</a>, or by digesting beginner content on the NAGA Academy.</p><p><br></p><p>Happy forexploring!</p>",
  "themeArticle": "article_educatif_avance",
  "exclusivite": "false",
  "image": "uploads/article/2022/10/20/1666261633476-5003b99a-0ca6-4200-8387-7ae944d34b38.jpg",
  "auteur": "62dae5e910ab560725a15fbf",
  "date": "2022-10-20T11:27:13Z",
  "_class": "com.example.demo.model.Article"
},{
  "_id": {
    "$oid": "63565b40803e216023316657"
  },
  "nom": "5 Candlestick Patterns Traders Should Know",
  "type": "article",
  "contenu": "<p>Words like ‘Japanese candlesticks’ or ‘patterns’ tend to raise eyebrows in beginner traders. But don’t let them scare you - they are actually fairly easy to understand and interpret. And what’s more they can be really helpful in navigating the price charts - just give it a shot!</p><p><br></p><p>Alright, let’s get right to it.</p><p><br></p><p>If you are not entirely new to the world of trading and already know what a candlestick is, you can skip straight to the list. But if you are a newcomer, there are two things to note. First of all, welcome to one of the most exciting experiences you will ever have. And finally, there’s a lot to cover so buckle down 🤓</p><p><br></p><p><strong>So, what is a candlestick?</strong></p><p><br></p><p>Simply put, it’s a tool that helps traders read price information in a fast and easy way. Japanese candlesticks are displayed on price charts in any timeframe - 1 minute, 5 minutes, 15 minutes, 30 minutes, and so on. What they show is the movement of the price during the chosen timeframe. Two or more consecutive candlesticks form a pattern which can signal the probable future movement of the prices. Traders then analyze these patterns to determine what position they want to take such as buy, sell, or hold, making Japanese candlesticks important elements of technical analysis.</p><p><br></p><p><img src=\"https://i.imgur.com/QRyZWGa.jpg\"></p><p><br></p><p>These candlesticks can be used to show the price movements of any financial instrument. For example, one could see if gold prices are currently rising or falling, or how the GBP/USD pair reacted when Boris Johnson announced that he would step down as the prime minister of UK, or which coin is going “to the moon” 🚀 in the crypto markets.</p><p><br></p><p><strong>How do candlesticks work?</strong></p><p><br></p><p>A candlestick is formed by the open, high, low, and close price. The so-called body or real body of the candlestick indicates the difference between the open and close prices. When the close price is lower than the open price (bearish), the candlestick will be filled, black, or red depending on the style of the chart. When the close price is higher than the open price (bullish), the candlestick will be hollow, white, or green. Most often, bearish candlesticks are represented in red and bullish candlesticks in green.</p><p><br></p><p>But candlesticks also have these thin lines stemming from the top and bottom of the body – these are called wicks or shadows. The upper wick shows the highest point that the prices climbed while the lower wick shows the farthest point that the prices fell.</p><p><br></p><p><img src=\"https://i.imgur.com/3o0PqcO.jpg\"></p><p><br></p><p>Let’s take stock performance as an example. Stock of company XYZ opened the trading session at $30 per share but fell to $27 a couple of hours later. Then the bulls pushed the price as high as $40 throughout the day, and finally towards the end of the trading session, the price fell to $37. In this case the body would be green because the close price is higher than the open price. The lower wick would point to the lowest low at $27, and the upper wick would point to the highest high which was $40.</p><p><br></p><p><img src=\"https://i.imgur.com/O06utQK.jpg\"></p><p><br></p><p>So it’s not that confusing after all, is it? Safe to say that we’re ready to move on to the patterns now.</p><p><br></p><p><strong>#1 The Hammer</strong>&nbsp;🔨</p><p><br></p><p>This pattern is most commonly found at the bottom of the downtrend, indicating a potential trend reversal. It consists of a short body and a long lower shadow. The long shadow indicates that there was a lot of selling pressure but eventually the bulls drove the price back upwards.</p><p><br></p><p>If the same pattern forms at the end of an uptrend, it's called a Hanging Man. Sounds like that hangman game, right? Well there's a lot less guesswork involved here!</p><p><br></p><p><img src=\"https://i.imgur.com/skoA0tm.jpg\"><strong>#2 The Doji</strong>&nbsp;➕</p><p><br></p><p>This pattern resembles a cross or a plus sign because its body is very small, almost nonexistent even, but it’s got shadows of varying lengths on both sides. The Doji shows that the market’s open and close prices are more or less the same. So, the bears and bulls went head-to-head but no one took the win, which hints towards market indecision.</p><p><br></p><p>Fun fact: Doji means error or blunder in Japanese.</p><p><br></p><p><img src=\"https://i.imgur.com/CXXlre8.jpg\"><strong>#3 Three Black Crows</strong>&nbsp;🐦</p><p><br></p><p>This bearish pattern consists of three red candlesticks that appear one after the other at the end of an uptrend. Their bodies are long, but their shadows are either very small or nonexistent. Each price open starts approximately where the previous candlestick ended, meaning that the bears are pushing the prices lower. It is interpreted as the beginning of a bearish trend since the bears have dominated for three consecutive sessions.</p><p><br></p><p>The bullish equivalent of this pattern is called the Three White Soldiers, and it indicates a trend reversal to the upside if formed at the end of a downtrend.</p><p><br></p><p><img src=\"https://i.imgur.com/lRTj62g.jpg\"></p><p><br></p><p><strong>#4 Bearish and Bullish Engulfing</strong>&nbsp;🤜 🤛</p><p><br></p><p>A bearish engulfing appears at the end of an uptrend, when a small green candlestick is formed in the direction of the trend but is followed by a long red candlestick that covers the entire body of the green one. This is a sign that the bears are taking over.</p><p><br></p><p>On the other hand, a bullish engulfing appears at the end of a downtrend. Here, the reverse happens, indicating that the bulls are now in charge.</p><p><br></p><p><img src=\"https://i.imgur.com/2ytVUWQ.jpg\"></p><p><br></p><p><strong>#5 Evening and Morning Star</strong>&nbsp;⭐</p><p><br></p><p>Both of the patterns indicate a potential trend reversal, with the evening star forming at the end of an uptrend and a morning star forming at the end of a downtrend.</p><p><br></p><p>In the case of the evening star one long green candlestick is formed in the direction of the uptrend, and followed by a short body. Finally a subsequent long red candlestick completes the pattern. So there’s a short body in the middle with a long green candlestick to the left and a long red candlestick to the right. The same applies to the morning star, except that the candles are in reverse order.</p><p><br></p><p><img src=\"https://i.imgur.com/Nds6tQ6.jpg\"></p><p><br></p><p>And that’s a wrap on the 5 candlestick patterns that every trader should know! Of course, there are a lot more than just 5, but let’s not throw you off the deep end…for now.</p><p><br></p><p>If you enjoyed learning about candlesticks and are interested in diving deeper into the topic, you should check out our ebook Japanese Candlesticks . Written by our Director of Education, Mr. Andreas Thalassinos, the ebook 📖 illustrates 20+ candlestick patterns and explains how to read them in more detail.</p><p><br></p><p>Happy Trading!</p><p><br></p>",
  "themeArticle": "article_educatif_debutant",
  "exclusivite": "true",
  "image": "uploads/article/2022/10/24/1666603840072-498898ca-2424-4c20-a56d-fc69cf306bc8.jpg",
  "auteur": "62dae48510ab560725a15fbc",
  "date": "2022-10-24T10:30:40Z",
  "_class": "com.example.demo.model.Article"
},{
  "_id": {
    "$oid": "6357a193fef28d59aa1565d7"
  },
  "nom": "The Business Cycle we witness",
  "type": "article",
  "contenu": "<p>Some parts of this article may sound like a horror story, all doom and gloom, but don’t worry there is always a happy ending, just think of a Disney movie. How scary can that be?</p><p><br></p><p>In February 2020 we witnessed the stock market fall by 35%, US Unemployment reached a whopping 14.7% and the economy shrunk by 36% over the space of several months.</p><p><br></p><p>Oh great, another recession! Here we go again.</p><p><br></p><p>Individuals in their 20s and 30s would have now witnessed two recessions and anyone older would have witnessed at least 3 in total.</p><p><br></p><p>Recession, for those of you who are not aware of this term, is when the economy sees a strong decline for 6 consecutive months or more.</p><p><br></p><p>However, it is also important to note that recessions provide us traders opportunities within the market whether it may be the opportunity to purchase an asset at a lower price, trending the new trend or shorting. Shorting means to speculate that the price will decline.</p><p><br></p><p>But I am sure many of you are asking why we keep seeing economic booms followed by a decline. This is actually something that has been validated since the 1930s and it is known as “The Business Cycle”.</p>",
  "themeArticle": "analyse_boursiere_INTER",
  "exclusivite": "true",
  "image": "uploads/article/2022/10/25/1666687379592-bd51feff-f52c-4157-adfa-f9cdc6cf783a.jpg",
  "auteur": "62dae48510ab560725a15fbc",
  "date": "2022-10-25T09:42:59Z",
  "_class": "com.example.demo.model.Article"
},{
  "_id": {
    "$oid": "6357a309fef28d59aa1565d8"
  },
  "nom": "The Business Cycle",
  "type": "article",
  "contenu": "<p>Think of it as an athlete running a marathon. He sprints at the beginning running as fast as he can, then he tires and slows down to rest, followed by another sprint and the process keeps repeating itself until the athlete reaches the finishing line.</p><p><br></p><p>During the first phase, the economy witnesses great economic conditions. This means that employment is high, unemployment is low and there is a lot of economic activity. As demand is high during this period it is also likely that the economy sees high inflation and interest rates, as the central bank attempts to control the economic growth.</p>",
  "themeArticle": "article_educatif_avance",
  "exclusivite": "true",
  "image": "uploads/article/2022/10/25/1666687753587-a371f96c-12e7-4b81-a11e-024bef11cf3d.jpg",
  "auteur": "62dae48510ab560725a15fbc",
  "date": "2022-10-25T09:49:13Z",
  "_class": "com.example.demo.model.Article"
},{
  "_id": {
    "$oid": "6357b7b0fef28d59aa1565d9"
  },
  "nom": "SOMOCER améliore de 7% ses revenus à fin septembre à plus de 70 millions de dinars",
  "type": "news",
  "contenu": "<p>La société SOMOCER a réussi 4 maintenir la méme tendance haussiére de son chiffre</p><p>daffaires enregistré depuis le début de l'année, en réalisant une croissance de 7,3%,</p><p>boostée notamment par les bonnes réalisations sur le marché export.</p><p><br></p><p>Ainsi, le chiffre d'affaires cumulé, au 30 septembre 2022, s'éléve a 71,5 millions de</p><p>dinars, contre 66,6 millions durant la méme période en 2021</p><p><br></p><p>SOMOCER a stabilisé son chiffre d'affaires sur le marché local (-0,16%) avec des ventes</p><p>qui ont atteint 60,7 millions de dinars, contre 60,8 millions au 30 septembre 2021.</p><p><br></p><p>‘Sur le marché Export, la société SOMOCER a confirmé les performances remarquables</p><p><br></p>",
  "themeNews": "information_financiere",
  "image": "",
  "auteur": "62dae5e910ab560725a15fbf",
  "date": "2022-10-25T11:17:20Z",
  "_class": "com.example.demo.model.Article"
}]