[{
  "_id": "sunt voluptate do ipsum",
  "date": {
    "$date": {
      "$numberLong": "-112501784684"
    }
  },
  "userId": "labore nostrud sunt",
  "userNom": "aute nostrud et",
  "publicationId": "qui",
  "contenu": "tempor nisi officia eiusmod",
  "_class": "com.example.demo.model.Commentaire"
},{
  "_id": {
    "$oid": "62b1d014dc429e5e9a492dc9"
  },
  "date": {
    "$date": {
      "$numberLong": "-112501784684"
    }
  },
  "userId": "123",
  "userNom": "Fida",
  "publicationId": "qui",
  "contenu": "tempor nisi officia eiusmod",
  "_class": "com.example.demo.model.Commentaire"
},{
  "_id": {
    "$oid": "6317197a105393001a9eb888"
  },
  "contenu": "bonjour\n",
  "date": "2022-09-06T10:57:14Z",
  "idPublication": "631715dc4ec03f709ffab325",
  "_class": "com.example.demo.model.Commentaire"
},{
  "_id": {
    "$oid": "6321e5a9f1f86b11b7e1b88a"
  },
  "contenu": "Salut Monsieur",
  "date": "2022-09-14T15:31:05Z",
  "idUtilisateur": "62fe1ddfaa20841434c30bf4",
  "idPublication": "6321d30f5947944fe4f785af",
  "_class": "com.example.demo.model.Commentaire"
},{
  "_id": {
    "$oid": "6321ed30a4abb35041820375"
  },
  "contenu": "Salut Monsieur",
  "date": "2022-09-14T15:31:05Z",
  "idUtilisateur": "6315afea62445756284af434",
  "idPublication": "6321d30f5947944fe4f785af",
  "_class": "com.example.demo.model.Commentaire"
},{
  "_id": {
    "$oid": "6321ed54a4abb35041820376"
  },
  "contenu": "Salut Monsieur",
  "date": "2022-09-14T15:31:05Z",
  "idUtilisateur": "6315ddd5cc38fd6775f17bde",
  "idPublication": "6321d30f5947944fe4f785af",
  "_class": "com.example.demo.model.Commentaire"
},{
  "_id": {
    "$oid": "6321f1e5f1f86b11b7e1b893"
  },
  "contenu": "oh no",
  "date": "2022-09-14T16:23:17Z",
  "idUtilisateur": "62fe1ddfaa20841434c30bf4",
  "idPublication": "6321c2a75947944fe4f785ae",
  "_class": "com.example.demo.model.Commentaire"
},{
  "_id": {
    "$oid": "6321f477f1f86b11b7e1b894"
  },
  "contenu": "c'est moi",
  "date": "2022-09-14T16:34:15Z",
  "idUtilisateur": "62fe1ddfaa20841434c30bf4",
  "idPublication": "6321bda95947944fe4f785ad",
  "_class": "com.example.demo.model.Commentaire"
},{
  "_id": {
    "$oid": "632313aa429eb130cec6cadd"
  },
  "contenu": "Bienvenu monsieur",
  "date": "2022-09-15T12:59:38Z",
  "idUtilisateur": "62fe1ddfaa20841434c30bf4",
  "idPublication": "6321d30f5947944fe4f785af",
  "_class": "com.example.demo.model.Commentaire"
},{
  "_id": {
    "$oid": "6323150f429eb130cec6cade"
  },
  "contenu": "j'aime pas celle ci",
  "date": "2022-09-15T13:05:35Z",
  "idUtilisateur": "62fe1ddfaa20841434c30bf4",
  "idPublication": "63207755b6aa10463a207b48",
  "_class": "com.example.demo.model.Commentaire"
},{
  "_id": {
    "$oid": "6328685b429eb130cec6cae6"
  },
  "contenu": "merci\n",
  "date": "2022-09-19T14:02:19Z",
  "idUtilisateur": "62fe1ddfaa20841434c30bf4",
  "idPublication": "63242a0d0bacad3703e59f0d",
  "_class": "com.example.demo.model.Commentaire"
},{
  "_id": {
    "$oid": "6328e0f7429eb130cec6cae7"
  },
  "contenu": "Bonsoir",
  "date": "2022-09-19T22:36:55Z",
  "idUtilisateur": "62fe1ddfaa20841434c30bf4",
  "idPublication": "6328b9e18ff7f66584f132ac",
  "_class": "com.example.demo.model.Commentaire"
},{
  "_id": {
    "$oid": "632aea4f7a3c045f04bc4b55"
  },
  "contenu": "j'aime cette photo",
  "date": "2022-09-21T11:41:19Z",
  "idUtilisateur": "62dae48510ab560725a15fbc",
  "idPublication": "632acce4f541d364d3b3e869",
  "_class": "com.example.demo.model.Commentaire"
},{
  "_id": {
    "$oid": "632b08077a3c045f04bc4b57"
  },
  "contenu": "d'accord",
  "date": "2022-09-21T13:48:07Z",
  "idUtilisateur": "62dae48510ab560725a15fbc",
  "idPublication": "6328b9e18ff7f66584f132ac",
  "_class": "com.example.demo.model.Commentaire"
},{
  "_id": {
    "$oid": "632b09587a3c045f04bc4b58"
  },
  "contenu": "bonjuorno",
  "date": "2022-09-21T13:53:44Z",
  "idUtilisateur": "62dae48510ab560725a15fbc",
  "idPublication": "632b094ef541d364d3b3e86c",
  "_class": "com.example.demo.model.Commentaire"
},{
  "_id": {
    "$oid": "633af48a93b563175964dd39"
  },
  "contenu": "salut",
  "date": "2022-10-03T15:41:14Z",
  "idUtilisateur": "62dae48510ab560725a15fbc",
  "idPublication": "633474636aa94d5b758bdfdc",
  "_class": "com.example.demo.model.Commentaire"
},{
  "_id": {
    "$oid": "635165899ca00b642f9409f2"
  },
  "contenu": "ok",
  "date": "2022-10-20T16:13:13Z",
  "idPublication": "632b094ef541d364d3b3e86c",
  "_class": "com.example.demo.model.Commentaire"
},{
  "_id": {
    "$oid": "6357a80aad67ad69e3c33838"
  },
  "contenu": "bravo",
  "date": "2022-10-25T10:10:34Z",
  "idUtilisateur": "62dae48510ab560725a15fbc",
  "idPublication": "631e6f0810a398488b05edd0",
  "_class": "com.example.demo.model.Commentaire"
}]