[{
  "_id": {
    "$oid": "633318dfc578f944e47ccb3f"
  },
  "nom": "ilboursa",
  "image": "uploads/groupe/2022/9/27/1664293087132-b337e3e4-cee8-48e2-beff-5ccc121930bb.png",
  "description": "groupe de la bourse tunisienne",
  "idUtilisateur": "62dae48510ab560725a15fbc",
  "date": "2022-09-27T16:38:07Z",
  "etat": "Public",
  "pays": "Åland Islands",
  "demande": [],
  "membre": [
    "62dae48510ab560725a15fbc"
  ],
  "_class": "com.irbeh.app.entities.Groupe"
},{
  "_id": {
    "$oid": "63331b30c578f944e47ccb40"
  },
  "nom": "webull",
  "image": "uploads/groupe/2022/9/27/1664293680248-7d96a5c0-fca4-444f-8162-1910de217f9c.png",
  "description": "groupe privée\n",
  "idUtilisateur": "62dae48510ab560725a15fbc",
  "date": "2022-09-27T16:48:00Z",
  "etat": "Privée",
  "pays": "Mexique",
  "langue": "Français",
  "demande": [],
  "membre": [
    "62dae48510ab560725a15fbc"
  ],
  "_class": "com.irbeh.app.entities.Groupe"
},{
  "_id": {
    "$oid": "63331bbdc578f944e47ccb41"
  },
  "nom": "naga",
  "image": "uploads/groupe/2022/9/27/1664293821775-9985ae39-133a-4994-a3e1-495c9cad0f9c.png",
  "description": "groupe naga privé",
  "idUtilisateur": "62dae5e910ab560725a15fbf",
  "date": "2022-09-27T16:50:21Z",
  "etat": "Privée",
  "pays": "france",
  "demande": [],
  "membre": [
    "62dae5e910ab560725a15fbf"
  ],
  "_class": "com.irbeh.app.entities.Groupe"
},{
  "_id": {
    "$oid": "63456cefa068bc6c73acb1df"
  },
  "nom": "Groupe Luxe",
  "image": "uploads/groupe/2022/10/11/1665494255273-6ad1e269-b435-49f3-b148-91d22cfe6c96.png",
  "description": "aaaaaaaaaaaaaaa",
  "idUtilisateur": "62dae48510ab560725a15fbc",
  "date": "2022-10-11T14:17:35Z",
  "etat": "Public",
  "pays": "france",
  "demande": [],
  "membre": [
    "62dae48510ab560725a15fbc"
  ],
  "_class": "com.irbeh.app.entities.Groupe"
}]