[{
  "_id": {
    "$oid": "6332ffdb10b49768e1a86845"
  },
  "idPublication": "631e6a7610a398488b05edce",
  "likes": [],
  "dislikes": [],
  "_class": "com.irbeh.app.entities.Interaction"
},{
  "_id": {
    "$oid": "6333006510b49768e1a86846"
  },
  "idPublication": "631e6a8410a398488b05edcf",
  "likes": [],
  "dislikes": [],
  "_class": "com.irbeh.app.entities.Interaction"
},{
  "_id": {
    "$oid": "6333006510b49768e1a86847"
  },
  "idPublication": "631e6f0810a398488b05edd0",
  "likes": [],
  "dislikes": [
    "62dae48510ab560725a15fbc"
  ],
  "_class": "com.irbeh.app.entities.Interaction"
},{
  "_id": {
    "$oid": "6333006510b49768e1a86848"
  },
  "idPublication": "631e6f3b10a398488b05edd1",
  "likes": [],
  "dislikes": [
    "62dae48510ab560725a15fbc"
  ],
  "_class": "com.irbeh.app.entities.Interaction"
},{
  "_id": {
    "$oid": "6333006510b49768e1a86849"
  },
  "idPublication": "62f691e936e4886923f56272",
  "likes": [],
  "dislikes": [],
  "_class": "com.irbeh.app.entities.Interaction"
},{
  "_id": {
    "$oid": "6333006510b49768e1a8684a"
  },
  "idPublication": "62fa17808c11b53abba34fab",
  "likes": [],
  "dislikes": [],
  "_class": "com.irbeh.app.entities.Interaction"
},{
  "_id": {
    "$oid": "6333006510b49768e1a8684b"
  },
  "idPublication": "6319f8b9b6aa10463a207b2d",
  "likes": [],
  "dislikes": [],
  "_class": "com.irbeh.app.entities.Interaction"
},{
  "_id": {
    "$oid": "6333006510b49768e1a8684c"
  },
  "idPublication": "63204b69b6aa10463a207b36",
  "likes": [],
  "dislikes": [],
  "_class": "com.irbeh.app.entities.Interaction"
},{
  "_id": {
    "$oid": "6333006510b49768e1a8684d"
  },
  "idPublication": "6320578bb6aa10463a207b38",
  "likes": [],
  "dislikes": [],
  "_class": "com.irbeh.app.entities.Interaction"
},{
  "_id": {
    "$oid": "6333006510b49768e1a8684e"
  },
  "idPublication": "63207755b6aa10463a207b48",
  "likes": [],
  "dislikes": [],
  "_class": "com.irbeh.app.entities.Interaction"
},{
  "_id": {
    "$oid": "6333006510b49768e1a8684f"
  },
  "idPublication": "6321b3905947944fe4f785aa",
  "likes": [
    "62dae48510ab560725a15fbc"
  ],
  "dislikes": [],
  "_class": "com.irbeh.app.entities.Interaction"
},{
  "_id": {
    "$oid": "6333006510b49768e1a86850"
  },
  "idPublication": "6321b88a5947944fe4f785ab",
  "likes": [],
  "dislikes": [],
  "_class": "com.irbeh.app.entities.Interaction"
},{
  "_id": {
    "$oid": "6333006510b49768e1a86851"
  },
  "idPublication": "6321bd6e5947944fe4f785ac",
  "likes": [],
  "dislikes": [],
  "_class": "com.irbeh.app.entities.Interaction"
},{
  "_id": {
    "$oid": "6333006510b49768e1a86852"
  },
  "idPublication": "6321bda95947944fe4f785ad",
  "likes": [],
  "dislikes": [],
  "_class": "com.irbeh.app.entities.Interaction"
},{
  "_id": {
    "$oid": "6333006510b49768e1a86853"
  },
  "idPublication": "6321c2a75947944fe4f785ae",
  "likes": [],
  "dislikes": [
    "62dae48510ab560725a15fbc"
  ],
  "_class": "com.irbeh.app.entities.Interaction"
},{
  "_id": {
    "$oid": "6333006510b49768e1a86854"
  },
  "idPublication": "6321d30f5947944fe4f785af",
  "likes": [],
  "dislikes": [],
  "_class": "com.irbeh.app.entities.Interaction"
},{
  "_id": {
    "$oid": "6333006510b49768e1a86855"
  },
  "idPublication": "632322fd0bacad3703e59f0b",
  "likes": [],
  "dislikes": [
    "62dae48510ab560725a15fbc"
  ],
  "_class": "com.irbeh.app.entities.Interaction"
},{
  "_id": {
    "$oid": "6333006510b49768e1a86856"
  },
  "idPublication": "632b0922f541d364d3b3e86a",
  "likes": [
    "62dae48510ab560725a15fbc"
  ],
  "dislikes": [],
  "_class": "com.irbeh.app.entities.Interaction"
},{
  "_id": {
    "$oid": "6333006510b49768e1a86857"
  },
  "idPublication": "632b094ef541d364d3b3e86c",
  "likes": [
    "62dae48510ab560725a15fbc"
  ],
  "dislikes": [],
  "_class": "com.irbeh.app.entities.Interaction"
},{
  "_id": {
    "$oid": "63344c6628854c44fe13b498"
  },
  "idPublication": "6334287a6aa94d5b758bdfda",
  "likes": [],
  "dislikes": [
    "62dae48510ab560725a15fbc"
  ],
  "_class": "com.irbeh.app.entities.Interaction"
},{
  "_id": {
    "$oid": "6334741c28854c44fe13b499"
  },
  "idPublication": "6334741a6aa94d5b758bdfdb",
  "likes": [],
  "dislikes": [
    "62dae48510ab560725a15fbc"
  ],
  "_class": "com.irbeh.app.entities.Interaction"
},{
  "_id": {
    "$oid": "6334746528854c44fe13b49a"
  },
  "idPublication": "633474636aa94d5b758bdfdc",
  "likes": [],
  "dislikes": [
    "62dae48510ab560725a15fbc"
  ],
  "_class": "com.irbeh.app.entities.Interaction"
},{
  "_id": {
    "$oid": "633474c128854c44fe13b49b"
  },
  "idPublication": "633474bf6aa94d5b758bdfdd",
  "likes": [],
  "dislikes": [],
  "_class": "com.irbeh.app.entities.Interaction"
},{
  "_id": {
    "$oid": "633aeddcc6ac8a4094ff96a3"
  },
  "idPublication": "633aeddbdfec6e609fba1875",
  "likes": [
    "62dae48510ab560725a15fbc"
  ],
  "dislikes": [],
  "_class": "com.irbeh.app.entities.Interaction"
}]