[{
  "_id": {
    "$oid": "631e6a7610a398488b05edce"
  },
  "date": "2022-09-12T00:08:38Z",
  "idUtilisateur": "62fe1ddfaa20841434c30bf4",
  "contenu": "🔔The price of Gold declines to a 3-week low as the Fed reiterates their stance on inflation and 2% target. The market expects further rate hike indications at this week’s Jackson Hole Symposium.\n",
  "_class": "com.example.demo.model.Publication"
},{
  "_id": {
    "$oid": "631e6a8410a398488b05edcf"
  },
  "date": "2022-09-12T00:08:52Z",
  "idUtilisateur": "62fe1ddfaa20841434c30bf4",
  "contenu": "Get financial insights directly from our experts\n\nAll you have to do is press a button (or two) 😉\n\nJoin our weekly webinars! 🗓",
  "nbPartage": "1",
  "_class": "com.example.demo.model.Publication"
},{
  "_id": {
    "$oid": "631e6f0810a398488b05edd0"
  },
  "date": "2022-09-12T00:28:08Z",
  "idUtilisateur": "62fe1ddfaa20841434c30bf4",
  "contenu": "Get financial insights directly from our experts\n\nAll you have to do is press a button (or two) 😉\n\nJoin our weekly webinars! 🗓",
  "nbPartage": "1",
  "_class": "com.example.demo.model.Publication"
},{
  "_id": {
    "$oid": "631e6f3b10a398488b05edd1"
  },
  "date": "2022-09-12T00:28:59Z",
  "idUtilisateur": "62dae48510ab560725a15fbc",
  "contenu": "🔔The price of Gold declines to a 3-week low as the Fed reiterates their stance on inflation and 2% target. The market expects further rate hike indications at this week’s Jackson Hole Symposium.\n\n",
  "nbPartage": "1",
  "_class": "com.example.demo.model.Publication"
},{
  "_id": {
    "$oid": "6334287a6aa94d5b758bdfda"
  },
  "date": "2022-09-28T11:56:58Z",
  "idUtilisateur": "62dae48510ab560725a15fbc",
  "idGroupe": "633318dfc578f944e47ccb3f",
  "contenu": "This week until now 101/103 trades closed with profit, we dont open more then 5 trades at the same time and wait sometimes, wish good trades for all of you.",
  "_class": "com.example.demo.model.Publication"
}]