[{
  "_id": {
    "$oid": "632c1ba5482edb20ca7284e9"
  },
  "publicationId": "6320482a0574f6619a7e870a",
  "commentaireId": "0",
  "userSignaleId": "62dae48510ab560725a15fbc",
  "reportedUserId": "1",
  "etat": false,
  "type": "Fausses informations",
  "dateAjout": "2022-09-22--09:24:05",
  "typeSignal": "post",
  "_class": "com.example.demo.model.Signal"
},{
  "_id": {
    "$oid": "63296712ab818b3f0e8dd830"
  },
  "publicationId": "632964e48ff7f66584f132ad",
  "commentaireId": "0",
  "userSignaleId": "62fe1ddfaa20841434c30bf4",
  "reportedUserId": "1",
  "etat": false,
  "message": "fausse infos",
  "type": "Fausses informations",
  "dateAjout": "2022-09-20--08:09:06",
  "typeSignal": "post",
  "_class": "com.example.demo.model.Signal"
},{
  "_id": {
    "$oid": "632b05281bea8060e535708b"
  },
  "publicationId": "632acce4f541d364d3b3e869",
  "commentaireId": "0",
  "userSignaleId": "62dae48510ab560725a15fbc",
  "reportedUserId": "1",
  "etat": false,
  "message": "fausses info",
  "type": "Fausses informations",
  "dateAjout": "2022-09-21--13:35:52",
  "typeSignal": "post",
  "_class": "com.example.demo.model.Signal"
},{
  "_id": {
    "$oid": "632c313f482edb20ca7284ec"
  },
  "publicationId": "632b094ef541d364d3b3e86c",
  "commentaireId": "0",
  "userSignaleId": "62dae48510ab560725a15fbc",
  "reportedUserId": "1",
  "etat": false,
  "type": "Fausses informations",
  "dateAjout": "2022-09-22--10:56:15",
  "typeSignal": "post",
  "_class": "com.example.demo.model.Signal"
},{
  "_id": {
    "$oid": "632c314a482edb20ca7284ed"
  },
  "publicationId": "632b094ef541d364d3b3e86c",
  "commentaireId": "0",
  "userSignaleId": "62dae48510ab560725a15fbc",
  "reportedUserId": "1",
  "etat": false,
  "type": "Fausses informations",
  "dateAjout": "2022-09-22--10:56:26",
  "typeSignal": "post",
  "_class": "com.example.demo.model.Signal"
},{
  "_id": {
    "$oid": "632c31f8482edb20ca7284ee"
  },
  "publicationId": "632b094ef541d364d3b3e86c",
  "commentaireId": "0",
  "userSignaleId": "62dae48510ab560725a15fbc",
  "reportedUserId": "1",
  "etat": false,
  "type": "Contenu non pertinent",
  "dateAjout": "2022-09-22--10:59:20",
  "typeSignal": "post",
  "_class": "com.example.demo.model.Signal"
},{
  "_id": {
    "$oid": "632c32f5482edb20ca7284ef"
  },
  "publicationId": "632b094ef541d364d3b3e86c",
  "commentaireId": "0",
  "userSignaleId": "62dae48510ab560725a15fbc",
  "reportedUserId": "1",
  "etat": false,
  "type": "Fausses informations",
  "dateAjout": "2022-09-22--11:03:33",
  "typeSignal": "post",
  "_class": "com.example.demo.model.Signal"
},{
  "_id": {
    "$oid": "635101a99520a94557ca4eca"
  },
  "publicationId": "6321d30f5947944fe4f785af",
  "commentaireId": "6321e5a9f1f86b11b7e1b88a",
  "userSignaleId": "62fe1ddfaa20841434c30bf4",
  "reportedUserId": "1",
  "etat": false,
  "type": "Contenu indésirable",
  "dateAjout": "2022-10-20--09:07:05",
  "typeSignal": "commentaire",
  "_class": "com.example.demo.model.Signal"
}]