[{
  "_id": {
    "$oid": "63234a6b20cdfc51f879879b"
  },
  "idUtilisateurConnecte": "62fe1ddfaa20841434c30bf4",
  "idAmiSuivi": "62fcd1a7aa20841434c30bdc",
  "_class": "com.example.demo.model.Suivi"
},{
  "_id": {
    "$oid": "63206dce568d432309f98eb9"
  },
  "idUtilisateurConnecte": "631860706a5b181e7d9ab75f",
  "idAmiSuivi": "62fe1ddfaa20841434c30bf4",
  "_class": "com.example.demo.model.Suivi"
},{
  "_id": {
    "$oid": "63206ddd568d432309f98eba"
  },
  "idUtilisateurConnecte": "631860456a5b181e7d9ab75e",
  "idAmiSuivi": "62dae48510ab560725a15fbc",
  "_class": "com.example.demo.model.Suivi"
},{
  "_id": {
    "$oid": "63206dfb568d432309f98ebc"
  },
  "idUtilisateurConnecte": "630c8aecb7f9bf5aab613f1f",
  "idAmiSuivi": "62dae48510ab560725a15fbc",
  "_class": "com.example.demo.model.Suivi"
},{
  "_id": {
    "$oid": "63206e08568d432309f98ebd"
  },
  "idUtilisateurConnecte": "62fcb0b3f27cc946f685faba",
  "idAmiSuivi": "62dae48510ab560725a15fbc",
  "_class": "com.example.demo.model.Suivi"
},{
  "_id": {
    "$oid": "632078b3568d432309f98ebe"
  },
  "idUtilisateurConnecte": "62f4d4e50fe6be7b3e27bfc9",
  "idAmiSuivi": "62dae48510ab560725a15fbc",
  "_class": "com.example.demo.model.Suivi"
},{
  "_id": {
    "$oid": "6321dcdbe5bbf070aa2ade60"
  },
  "idUtilisateurConnecte": "62dae48510ab560725a15fbc",
  "idAmiSuivi": "631860706a5b181e7d9ab75f",
  "_class": "com.example.demo.model.Suivi"
},{
  "_id": {
    "$oid": "6323245e5144a07d47e8ba66"
  },
  "idUtilisateurConnecte": "62fe1ddfaa20841434c30bf4",
  "idAmiSuivi": "62c735b642304c50921ed7c1",
  "_class": "com.example.demo.model.Suivi"
},{
  "_id": {
    "$oid": "632324965144a07d47e8ba67"
  },
  "idUtilisateurConnecte": "62fe1ddfaa20841434c30bf4",
  "idAmiSuivi": "62dae4e310ab560725a15fbd",
  "_class": "com.example.demo.model.Suivi"
},{
  "_id": {
    "$oid": "6328e0d820cdfc51f87987a3"
  },
  "idUtilisateurConnecte": "62fe1ddfaa20841434c30bf4",
  "idAmiSuivi": "631860706a5b181e7d9ab75f",
  "_class": "com.example.demo.model.Suivi"
},{
  "_id": {
    "$oid": "632968af20cdfc51f87987a4"
  },
  "idUtilisateurConnecte": "62fe1ddfaa20841434c30bf4",
  "idAmiSuivi": "63170ceacc38fd6775f17be5",
  "_class": "com.example.demo.model.Suivi"
},{
  "_id": {
    "$oid": "632c3d477af22118b3424000"
  },
  "idUtilisateurConnecte": "62dae48510ab560725a15fbc",
  "idAmiSuivi": "630c8aecb7f9bf5aab613f1f",
  "_class": "com.example.demo.model.Suivi"
},{
  "_id": {
    "$oid": "6332b019b956363a82e329e8"
  },
  "idUtilisateurConnecte": "62dae48510ab560725a15fbc",
  "idAmiSuivi": "63170c3a17dc0f012cf99815",
  "_class": "com.example.demo.model.Suivi"
},{
  "_id": {
    "$oid": "6332b4f7b956363a82e329ed"
  },
  "idUtilisateurConnecte": "62dae48510ab560725a15fbc",
  "idAmiSuivi": "63170ceacc38fd6775f17be5",
  "_class": "com.example.demo.model.Suivi"
},{
  "_id": {
    "$oid": "6332fc44b956363a82e329f0"
  },
  "idUtilisateurConnecte": "62dae4e310ab560725a15fbd",
  "idAmiSuivi": "62dae48510ab560725a15fbc",
  "_class": "com.example.demo.model.Suivi"
},{
  "_id": {
    "$oid": "6332fecfb956363a82e329f1"
  },
  "idUtilisateurConnecte": "62dae48510ab560725a15fbc",
  "idAmiSuivi": "62dae4e310ab560725a15fbd",
  "_class": "com.example.demo.model.Suivi"
},{
  "_id": {
    "$oid": "6332fed0b956363a82e329f2"
  },
  "idUtilisateurConnecte": "62dae48510ab560725a15fbc",
  "idAmiSuivi": "62fcd1a7aa20841434c30bdc",
  "_class": "com.example.demo.model.Suivi"
},{
  "_id": {
    "$oid": "63453d97e772675eb594afee"
  },
  "idUtilisateurConnecte": "62dae48510ab560725a15fbc",
  "idAmiSuivi": "62fcb0b3f27cc946f685faba",
  "_class": "com.example.demo.model.Suivi"
},{
  "_id": {
    "$oid": "6346c7cffe1e9a3616d8920f"
  },
  "idUtilisateurConnecte": "62dae48510ab560725a15fbc",
  "idAmiSuivi": "62fe1ddfaa20841434c30bf4",
  "_class": "com.example.demo.model.Suivi"
}]