[{
  "_id": {
    "$oid": "62dae48510ab560725a15fbc"
  },
  "nom": "ben sessi",
  "prenom": "Mounir",
  "userName": "malek5",
  "sexe": "femme",
  "dateDeNaissance": "1996-11-22T23:00:00.000Z",
  "email": "fidabenftima6@gmail.com",
  "motPasse": "123456",
  "actif": false,
  "suspendu": false,
  "payant": false,
  "numTelephone": 777777777,
  "description": "Hi, everyone! I am Malek and i am from Canada. Nice to meet ya!!!",
  "poste": "Lead UX Designer",
  "pays": "Bhutan",
  "urlPhotoProfil": "uploads/profile/2022/10/12/1665569181686-b74c3c13-739c-46f7-85d9-874cf86263ac.jpg",
  "urlPhotoCouverture": "uploads/profile/2022/10/5/1664979394736-98bcd627-2ab4-44d9-bf5a-5710692c5879.png",
  "dateInscription": "2022-10-18",
  "groupe": [
    "633318dfc578f944e47ccb3f",
    "63331b30c578f944e47ccb40",
    "63456cefa068bc6c73acb1df",
    "63331bbdc578f944e47ccb41"
  ],
  "_class": "com.example.demo.model.User"
},{
  "_id": {
    "$oid": "62dae4e310ab560725a15fbd"
  },
  "nom": "ben malek",
  "prenom": "malek",
  "userName": "malek99",
  "sexe": "homme",
  "dateDeNaissance": "1987-08-14T23:00:00.000Z",
  "email": "fidabenftima6@gmail.com",
  "motPasse": "123456",
  "actif": false,
  "suspendu": false,
  "payant": false,
  "pays": "Palestinian Territory, Occupied",
  "dateInscription": "2022-09-12",
  "_class": "com.example.demo.model.User"
},{
  "_id": {
    "$oid": "62dae5e910ab560725a15fbf"
  },
  "nom": "ben ahmeda",
  "prenom": "mohsen",
  "userName": "shahd5",
  "sexe": "homme",
  "dateDeNaissance": "2004-09-02T23:00:00.000Z",
  "email": "fidabenftima6@gmail.com",
  "motPasse": "123456",
  "actif": false,
  "suspendu": false,
  "payant": false,
  "pays": "Albania",
  "dateInscription": "2022-09-27",
  "groupe": [
    "63331bbdc578f944e47ccb41"
  ],
  "_class": "com.example.demo.model.User"
},{
  "_id": {
    "$oid": "62f0ea1c0c65e406940c4e33"
  },
  "nom": "ben fedia",
  "prenom": "fida",
  "userName": "fida55",
  "sexe": "femme",
  "dateDeNaissance": "2004-09-01T23:00:00.000Z",
  "email": "fidabenftima6@gmail.com",
  "motPasse": "123456",
  "actif": false,
  "suspendu": false,
  "payant": false,
  "numTelephone": 52081370,
  "description": "My goals:\nDeveloping my financial literacy 💪\nSharing ideas 👀\nI discover new things for myself 👌",
  "pays": "mexico",
  "dateInscription": "2022-09-05",
  "_class": "com.example.demo.model.User"
},{
  "_id": {
    "$oid": "62f0ee6b0c65e406940c4e34"
  },
  "nom": "ben ammar",
  "prenom": "ammar",
  "userName": "fida66",
  "sexe": "homme",
  "dateDeNaissance": "1982-07-07T23:00:00.000Z",
  "email": "fidabenftima6@gmail.com",
  "motPasse": "123456",
  "actif": false,
  "suspendu": false,
  "payant": false,
  "description": "Student from Netherlands 👨🏼‍🎓\n\nWant to earn a million euros in a year 💶\nRemaining - 999.900 euros 😂",
  "dateInscription": "2022-09-05",
  "_class": "com.example.demo.model.User"
},{
  "_id": {
    "$oid": "62f0eec40c65e406940c4e35"
  },
  "nom": "ben jmal",
  "prenom": "fadwa",
  "userName": "fida88f",
  "sexe": "femme",
  "dateDeNaissance": "1981-08-13T23:00:00.000Z",
  "email": "fidabenftima6@gmail.com",
  "motPasse": "123456",
  "actif": false,
  "suspendu": false,
  "payant": false,
  "description": "We are Trader from Germany with 31 years experience. In the last 26 month we made 191422 EUR profit. We learned from our losses at the beginning.",
  "pays": "germany",
  "dateInscription": "2022-09-05",
  "_class": "com.example.demo.model.User"
},{
  "_id": {
    "$oid": "62f4d4e50fe6be7b3e27bfc9"
  },
  "nom": "LuxTwo",
  "prenom": "Wynette",
  "userName": "LuxWynette",
  "sexe": "homme",
  "dateDeNaissance": "1990-06-05T23:00:00.000Z",
  "email": "LuxWynette@yahoo.com",
  "motPasse": "123456",
  "actif": false,
  "suspendu": false,
  "payant": false,
  "numTelephone": 22222222,
  "description": "Hi, everyone! I am Lux and i am from United States. Nice to meet ya!",
  "pays": "AndorrA",
  "dateInscription": "2022-09-05",
  "_class": "com.example.demo.model.User"
},{
  "_id": {
    "$oid": "62fcb0b3f27cc946f685faba"
  },
  "nom": "ben ali",
  "prenom": "mohamed",
  "userName": "mohamedAwi8",
  "sexe": "homme",
  "dateDeNaissance": "1981-02-11T23:00:00.000Z",
  "email": "fidabenftima6@gmail.com",
  "motPasse": "123456",
  "actif": false,
  "suspendu": false,
  "payant": false,
  "dateInscription": "2022-09-12",
  "_class": "com.example.demo.model.User"
},{
  "_id": {
    "$oid": "630c8aecb7f9bf5aab613f1f"
  },
  "nom": "mahjoub",
  "prenom": "aymen",
  "userName": "Emna56",
  "sexe": "homme",
  "dateDeNaissance": "1985-07-04T23:00:00.000Z",
  "email": "fidabenftima6@gmail.com",
  "motPasse": "123456",
  "actif": false,
  "suspendu": false,
  "payant": false,
  "dateInscription": "2022-09-05",
  "_class": "com.example.demo.model.User"
},{
  "_id": {
    "$oid": "631860456a5b181e7d9ab75e"
  },
  "userName": "faten89",
  "sexe": "femme",
  "dateDeNaissance": "1986-07-10T23:00:00.000Z",
  "email": "fidabenftima6@gmail.com",
  "motPasse": "123456",
  "actif": false,
  "suspendu": false,
  "payant": false,
  "dateInscription": "2022-09-12",
  "_class": "com.example.demo.model.User"
},{
  "_id": {
    "$oid": "631860706a5b181e7d9ab75f"
  },
  "userName": "amin79",
  "sexe": "homme",
  "dateDeNaissance": "2000-08-08T23:00:00.000Z",
  "email": "fidabenftima6@gmail.com",
  "motPasse": "123456",
  "actif": false,
  "suspendu": false,
  "payant": false,
  "dateInscription": "2022-09-12",
  "_class": "com.example.demo.model.User"
},{
  "_id": {
    "$oid": "62fe1ddfaa20841434c30bf4"
  },
  "nom": "Anis",
  "prenom": "Habibii",
  "userName": "anis13",
  "sexe": "homme",
  "dateDeNaissance": "1989-06-20T23:00:00.000Z",
  "email": "anis12@gmail.com",
  "actif": false,
  "suspendu": false,
  "payant": false,
  "poste": "Développeur",
  "pays": "Algeria",
  "urlPhotoProfil": "",
  "urlPhotoCouverture": "uploads/profile/2022/9/20/1663656687041-9432b7e7-7534-49c1-8300-fb9ea4fa21e2.png",
  "dateInscription": "2022-09-20",
  "_class": "com.example.demo.model.User"
},{
  "_id": {
    "$oid": "62fcd1a7aa20841434c30bdc"
  },
  "nom": "rayen",
  "prenom": "aloui",
  "userName": "rayen98",
  "sexe": "femme",
  "dateDeNaissance": "1998-02-18T23:00:00.000Z",
  "email": "rayen@hello.com",
  "motPasse": "147859621",
  "nbSignal": "0",
  "type": "user",
  "actif": true,
  "suspendu": false,
  "payant": true,
  "description": "",
  "dateInscription": "2022-09-01",
  "_class": "com.example.demo.model.User"
},{
  "_id": {
    "$oid": "62fcd1a7aa20841434c30bda"
  },
  "nom": "test",
  "prenom": "test",
  "userName": "aymen1943",
  "sexe": "femme",
  "dateDeNaissance": "1982-02-18T23:00:00.000Z",
  "email": "aymen@hello.com",
  "motPasse": "147859621",
  "nbSignal": "0",
  "type": "user",
  "actif": true,
  "suspendu": false,
  "payant": true,
  "description": "",
  "dateInscription": "2022-09-03",
  "_class": "com.example.demo.model.User"
},{
  "_id": {
    "$oid": "6315afea62445756284af434"
  },
  "nom": "Amine",
  "prenom": "Jguirim",
  "userName": "Aminejg",
  "sexe": "homme",
  "dateDeNaissance": "1998-02-17T23:00:00.000Z",
  "email": "amine89@gmail.com",
  "motPasse": "amineamine",
  "type": "administrateur",
  "actif": false,
  "suspendu": false,
  "payant": false,
  "pays": "tunisie",
  "dateInscription": "2022-09-03",
  "_class": "com.example.demo.model.User"
},{
  "_id": {
    "$oid": "6315ddd5cc38fd6775f17bde"
  },
  "nom": "fida ",
  "prenom": "fida",
  "userName": "fida12",
  "sexe": "femme",
  "dateDeNaissance": "2004-09-08T23:00:00.000Z",
  "email": "fida12@gmail.com",
  "motPasse": "fidafida",
  "actif": false,
  "suspendu": false,
  "payant": false,
  "dateInscription": "2022-09-11",
  "_class": "com.example.demo.model.User"
},{
  "_id": {
    "$oid": "63170ceacc38fd6775f17be5"
  },
  "userName": "ahmed 75",
  "email": "ahmed@gmail.com",
  "motPasse": "ahmedahmed",
  "actif": false,
  "suspendu": false,
  "payant": false,
  "dateInscription": "2022-09-06",
  "_class": "com.example.demo.model.User"
},{
  "_id": {
    "$oid": "631850edcc38fd6775f17c11"
  },
  "userName": "mohamed",
  "email": "mohamedaymen@hotmail.com",
  "motPasse": "145236478",
  "actif": false,
  "suspendu": false,
  "payant": false,
  "dateInscription": "2022-09-07",
  "_class": "com.example.demo.model.User"
},{
  "_id": {
    "$oid": "631dd285d148684beeda8a96"
  },
  "userName": "youssef",
  "email": "youseef@gmail.com",
  "motPasse": "123456",
  "actif": false,
  "suspendu": false,
  "payant": false,
  "dateInscription": "2022-09-11",
  "_class": "com.example.demo.model.User"
},{
  "_id": {
    "$oid": "631dd656d148684beeda8a99"
  },
  "userName": "Mannena",
  "email": "mannena@gmail.com",
  "motPasse": "141414",
  "actif": false,
  "suspendu": false,
  "payant": false,
  "dateInscription": "2022-09-11",
  "_class": "com.example.demo.model.User"
},{
  "_id": {
    "$oid": "631dd6b8d148684beeda8a9a"
  },
  "userName": "jalloul",
  "email": "jalouljaloul@hotmail.com",
  "motPasse": "bonjour",
  "actif": false,
  "suspendu": false,
  "payant": false,
  "dateInscription": "2022-09-11",
  "_class": "com.example.demo.model.User"
},{
  "_id": {
    "$oid": "631dd6f1d148684beeda8a9b"
  },
  "userName": "rayenn",
  "email": "anis@gmail.live",
  "motPasse": "hellohello",
  "actif": false,
  "suspendu": false,
  "payant": false,
  "dateInscription": "2022-09-11",
  "_class": "com.example.demo.model.User"
},{
  "_id": {
    "$oid": "631dd72fd148684beeda8a9c"
  },
  "userName": "nawres",
  "email": "nawres@gmail.com",
  "motPasse": "nawres",
  "actif": false,
  "suspendu": false,
  "payant": false,
  "dateInscription": "2022-09-11",
  "_class": "com.example.demo.model.User"
},{
  "_id": {
    "$oid": "631efd37d148684beeda8aa1"
  },
  "userName": "hachem",
  "email": "hachem@yahoo.com",
  "motPasse": "123456",
  "actif": false,
  "suspendu": false,
  "payant": false,
  "dateInscription": "2022-09-12",
  "_class": "com.example.demo.model.User"
},{
  "_id": {
    "$oid": "631f0016d148684beeda8aa2"
  },
  "userName": "helloman",
  "email": "helloman@gmail.com",
  "motPasse": "123456",
  "actif": false,
  "suspendu": false,
  "payant": false,
  "dateInscription": "2022-09-12",
  "_class": "com.example.demo.model.User"
},{
  "_id": {
    "$oid": "631f008dd148684beeda8aa3"
  },
  "userName": "dalida",
  "email": "dalida@yahoo.fr",
  "motPasse": "aymen1",
  "actif": false,
  "suspendu": false,
  "payant": false,
  "dateInscription": "2022-09-12",
  "_class": "com.example.demo.model.User"
},{
  "_id": {
    "$oid": "631f0201d148684beeda8aa5"
  },
  "userName": "aminee",
  "email": "aminee@outlook.com",
  "motPasse": "123456",
  "actif": false,
  "suspendu": false,
  "payant": false,
  "dateInscription": "2022-09-12",
  "_class": "com.example.demo.model.User"
},{
  "_id": {
    "$oid": "631f049ed148684beeda8aa6"
  },
  "userName": "anisanis",
  "email": "anis@irbe7.com",
  "motPasse": "123456",
  "actif": false,
  "suspendu": false,
  "payant": false,
  "dateInscription": "2022-09-12",
  "_class": "com.example.demo.model.User"
},{
  "_id": {
    "$oid": "63203a0330890b01f62af124"
  },
  "userName": "anis95",
  "email": "anis@irbeh.com",
  "motPasse": "123456",
  "actif": false,
  "suspendu": false,
  "payant": false,
  "dateInscription": "2022-09-13",
  "_class": "com.example.demo.model.User"
},{
  "_id": {
    "$oid": "6336ab3e6c55f15aa7b5cd0e"
  },
  "userName": "anas123",
  "email": "fidabenftima6@gmail.com",
  "motPasse": "123456",
  "actif": false,
  "suspendu": false,
  "payant": false,
  "dateInscription": "2022-09-30",
  "groupe": [],
  "_class": "com.example.demo.model.User"
},{
  "_id": {
    "$oid": "6336c77f6c55f15aa7b5cd0f"
  },
  "userName": "anas1231",
  "email": "fida@gmail.com",
  "motPasse": "123456",
  "actif": false,
  "suspendu": false,
  "payant": false,
  "dateInscription": "2022-09-30",
  "_class": "com.example.demo.model.User"
},{
  "_id": {
    "$oid": "6336cb306c55f15aa7b5cd10"
  },
  "userName": "mohamedAwi",
  "email": "p@pl",
  "motPasse": "123456",
  "actif": false,
  "suspendu": false,
  "payant": false,
  "dateInscription": "2022-09-30",
  "_class": "com.example.demo.model.User"
},{
  "_id": {
    "$oid": "6336cb756c55f15aa7b5cd11"
  },
  "userName": "mohamedAwi2",
  "email": "pl@ok",
  "motPasse": "123456",
  "actif": false,
  "suspendu": false,
  "payant": false,
  "dateInscription": "2022-09-30",
  "groupe": [],
  "_class": "com.example.demo.model.User"
},{
  "_id": {
    "$oid": "6336cd5f6c55f15aa7b5cd12"
  },
  "userName": "Zikou554",
  "email": "lp@lp",
  "motPasse": "123456",
  "actif": false,
  "suspendu": false,
  "payant": false,
  "dateInscription": "2022-09-30",
  "groupe": [],
  "_class": "com.example.demo.model.User"
},{
  "_id": {
    "$oid": "6336e9b76c55f15aa7b5cd13"
  },
  "userName": "amal789",
  "email": "ymym@ym",
  "motPasse": "123456",
  "actif": false,
  "suspendu": false,
  "payant": false,
  "dateInscription": "2022-09-30",
  "groupe": [],
  "_class": "com.example.demo.model.User"
},{
  "_id": {
    "$oid": "6336f3da6c55f15aa7b5cd14"
  },
  "userName": "mohamedAwi89",
  "email": "ok@ok",
  "motPasse": "123456",
  "actif": false,
  "suspendu": false,
  "payant": false,
  "dateInscription": "2022-09-30",
  "groupe": [],
  "_class": "com.example.demo.model.User"
},{
  "_id": {
    "$oid": "6336f8dc6c55f15aa7b5cd15"
  },
  "userName": "anas1235",
  "email": "okkk@ok.com",
  "motPasse": "123123",
  "actif": false,
  "suspendu": false,
  "payant": false,
  "dateInscription": "2022-09-30",
  "groupe": [],
  "_class": "com.example.demo.model.User"
},{
  "_id": {
    "$oid": "6336f95b6c55f15aa7b5cd16"
  },
  "userName": "Zikou559",
  "email": "pl@m",
  "motPasse": "121212",
  "actif": false,
  "suspendu": false,
  "payant": false,
  "dateInscription": "2022-09-30",
  "groupe": [],
  "_class": "com.example.demo.model.User"
},{
  "_id": "1",
  "actif": false,
  "suspendu": true,
  "payant": false,
  "dateInscription": "2022-10-25",
  "_class": "com.example.demo.model.User"
}]